/net09 X,/net09 Y,/net1 X,/net1 Y,/o1 X,/o1 Y
0,4.999999981631962,0,0,0,1.704906655848801e-08
2.5e-11,4.999999981631962,2.5e-11,0,2.5e-11,1.704906651971815e-08
7.5e-11,4.999999981631963,7.5e-11,0,7.5e-11,1.704906645579872e-08
1.75e-10,4.999999981631964,1.75e-10,0,1.75e-10,1.704906571492802e-08
3.749999999999999e-10,4.999999981631962,3.749999999999999e-10,0,3.749999999999999e-10,1.70490663541161e-08
6.25e-10,4.999999981631962,6.25e-10,0,6.25e-10,1.704906665205527e-08
8.125e-10,4.999999981631962,8.125e-10,0,8.125e-10,1.704906666598085e-08
1e-09,4.999999981631961,1e-09,0,1e-09,1.704906662743376e-08
1.000049164419211e-09,5.000072171019784,1.000049164419211e-09,0.002458220960538196,1.000049164419211e-09,1.525109805258677e-05
1.000083734786125e-09,5.000122923754872,1.000083734786125e-09,0.004186739306253255,1.000083734786125e-09,2.595109355576746e-05
1.000152875519954e-09,5.000224393713173,1.000152875519954e-09,0.007643775997683371,1.000152875519954e-09,4.730356854232272e-05
1.000291156987611e-09,5.000427179243301,1.000291156987611e-09,0.0145578493805436,1.000291156987611e-09,8.980490510742329e-05
1.000567719922925e-09,5.000832125981123,1.000567719922925e-09,0.02838599614626407,1.000567719922925e-09,0.000173988259104826
1.001120845793554e-09,5.00163954127461,1.001120845793554e-09,0.05604228967770501,1.001120845793554e-09,0.000339120984745051
1.002227097534812e-09,5.003244666307501,1.002227097534812e-09,0.1113548767405869,1.002227097534812e-09,0.0006568513718667395
1.004439601017327e-09,5.006417728564958,1.004439601017327e-09,0.2219800508663506,1.004439601017327e-09,0.001245249434456068
1.008061415872626e-09,5.011512467110995,1.008061415872626e-09,0.4030707936312786,1.008061415872626e-09,0.002086756074221611
1.011862154557439e-09,5.016737552709664,1.011862154557439e-09,0.5931077278719458,1.011862154557439e-09,0.002827205406164551
1.015814877509985e-09,5.022073510013567,1.015814877509985e-09,0.7907438754992259,1.015814877509985e-09,0.003468749326273092
1.018351382086249e-09,5.025644510490659,1.018351382086249e-09,0.9175691043124274,1.018351382086249e-09,0.003858033481834251
1.020732479188112e-09,5.029203138741907,1.020732479188112e-09,1.036623959405619,1.020732479188112e-09,0.004230262938605268
1.022576671981251e-09,5.031873164379002,1.022576671981251e-09,1.12883359906254,1.022576671981251e-09,0.004478049068974184
1.024294809855711e-09,5.034217586973607,1.024294809855711e-09,1.21474049278555,1.024294809855711e-09,0.004663925405543694
1.0266711040289e-09,5.03718461279716,1.0266711040289e-09,1.333555201445001,1.0266711040289e-09,0.004845599500861504
1.031106719588081e-09,5.041752884398746,1.031106719588081e-09,1.55533597940407,1.031106719588081e-09,0.004956140715749456
1.037858469829571e-09,5.04603084192573,1.037858469829571e-09,1.892923491478567,1.037858469829571e-09,0.004602244284240597
1.04290872713001e-09,5.047000735826301,1.04290872713001e-09,2.145436356500518,1.04290872713001e-09,0.003968315296415723
1.047538682027362e-09,5.046139368521054,1.047538682027362e-09,2.376934101368085,1.047538682027362e-09,0.003146144163584255
1.05215927674739e-09,5.043559679026367,1.05215927674739e-09,2.607963837369522,1.05215927674739e-09,0.002127560988482343
1.056779439328897e-09,5.039223662090902,1.056779439328897e-09,2.838971966444864,1.056779439328897e-09,0.0009382532902048025
1.061605474908431e-09,5.032784877268798,1.061605474908431e-09,3.080273745421543,1.061605474908431e-09,-0.000482203228744734
1.070857222254788e-09,5.01481619413527,1.070857222254788e-09,3.542861112739419,1.070857222254788e-09,-0.003656200913048216
1.075391862597981e-09,5.003231757744894,1.075391862597981e-09,3.769593129899042,1.075391862597981e-09,-0.005369463520936746
1.079484352620807e-09,4.991120662597551,1.079484352620807e-09,3.974217631040348,1.079484352620807e-09,-0.007002940656835737
1.081304478763986e-09,4.984950334059624,1.081304478763986e-09,4.065223938199321,1.081304478763986e-09,-0.00781160378087007
1.083271350548059e-09,4.97714573888307,1.083271350548059e-09,4.163567527402936,1.083271350548059e-09,-0.008861388867378549
1.084762119906281e-09,4.970624171710698,1.084762119906281e-09,4.238105995314051,1.084762119906281e-09,-0.009732989236966751
1.086275411336663e-09,4.963712004845852,1.086275411336663e-09,4.313770566833156,1.086275411336663e-09,-0.01062829089341794
1.08769399048122e-09,4.957015647966597,1.08769399048122e-09,4.384699524061015,1.08769399048122e-09,-0.01146537613565299
1.089923908670631e-09,4.946082723167883,1.089923908670631e-09,4.496195433531565,1.089923908670631e-09,-0.01277317236040286
1.094383745049453e-09,4.922720250451106,1.094383745049453e-09,4.719187252472664,1.094383745049453e-09,-0.01536415950600522
1.1e-09,4.890418238346511,1.1e-09,5,1.1e-09,-0.01859802304281695
1.101136928071555e-09,4.882438857970186,1.101136928071555e-09,5,1.101136928071555e-09,-0.01945636500833133
1.102093863132331e-09,4.875723872165453,1.102093863132331e-09,5,1.102093863132331e-09,-0.02015973595419417
1.103272097955832e-09,4.867461104157242,1.103272097955832e-09,5,1.103272097955832e-09,-0.02099222345823286
1.105431929972552e-09,4.852330959889278,1.105431929972552e-09,5,1.105431929972552e-09,-0.02241926889359792
1.109751594005992e-09,4.822124452490661,1.109751594005992e-09,5,1.109751594005992e-09,-0.02492729754851679
1.114224726857292e-09,4.790903320802448,1.114224726857292e-09,5,1.114224726857292e-09,-0.02710353503887452
1.118626547962955e-09,4.760220747735649,1.118626547962955e-09,5,1.118626547962955e-09,-0.02889414579762875
1.123293121778004e-09,4.727719199789352,1.123293121778004e-09,5,1.123293121778004e-09,-0.03048034127804461
1.128230532862433e-09,4.693344402872959,1.128230532862433e-09,5,1.128230532862433e-09,-0.03187445134135378
1.133538405281747e-09,4.656390305289361,1.133538405281747e-09,5,1.133538405281747e-09,-0.03311195992410856
1.139309050785604e-09,4.616202127213282,1.139309050785604e-09,5,1.139309050785604e-09,-0.0342150068579275
1.14560834346931e-09,4.572314553844531,1.14560834346931e-09,5,1.14560834346931e-09,-0.03519571457537281
1.152516742942796e-09,4.524188788751231,1.152516742942796e-09,5,1.152516742942796e-09,-0.03606800746575651
1.160131094490014e-09,4.471294199077137,1.160131094490014e-09,5,1.160131094490014e-09,-0.03684767969577163
1.168569903714125e-09,4.413445802294847,1.168569903714125e-09,5,1.168569903714125e-09,-0.03755241462365946
1.178014866801537e-09,4.351497547540806,1.178014866801537e-09,5,1.178014866801537e-09,-0.0381839635622
1.190206982746383e-09,4.278429569167822,1.190206982746383e-09,5,1.190206982746383e-09,-0.03855396672319889
1.196412173727682e-09,4.243508938077236,1.196412173727682e-09,5,1.196412173727682e-09,-0.03838628059563039
1.202436427378839e-09,4.210383238780395,1.202436427378839e-09,5,1.202436427378839e-09,-0.03786046852699033
1.208487057106111e-09,4.177580658777922,1.208487057106111e-09,5,1.208487057106111e-09,-0.0368836671713228
1.214797851198613e-09,4.14369890729532,1.214797851198613e-09,5,1.214797851198613e-09,-0.03532131015419463
1.222030194969612e-09,4.105177955277309,1.222030194969612e-09,5,1.222030194969612e-09,-0.03280154851731686
1.231033338847969e-09,4.057600314855672,1.231033338847969e-09,5,1.231033338847969e-09,-0.02856174302221223
1.247051605480181e-09,3.973814721750163,1.247051605480181e-09,5,1.247051605480181e-09,-0.0181604694343647
1.258874094910294e-09,3.912601353654468,1.258874094910294e-09,5,1.258874094910294e-09,-0.008324395362195772
1.268578574854081e-09,3.862716345920051,1.268578574854081e-09,5,1.268578574854081e-09,0.0009500251359202586
1.274418182049534e-09,3.832880256347639,1.274418182049534e-09,5,1.274418182049534e-09,0.006810154660812137
1.279461570396847e-09,3.807207059781971,1.279461570396847e-09,5,1.279461570396847e-09,0.01217704532978833
1.28449361015192e-09,3.781676296960568,1.28449361015192e-09,5,1.28449361015192e-09,0.0178040256947094
1.294557689662066e-09,3.73085662840857,1.294557689662066e-09,5,1.294557689662066e-09,0.02983158491246685
1.306298533063203e-09,3.671961203412144,1.306298533063203e-09,5,1.306298533063203e-09,0.04510943204759377
1.319773090465842e-09,3.604868669793857,1.319773090465842e-09,5,1.319773090465842e-09,0.06423055588212048
1.336729686476653e-09,3.521174359037685,1.336729686476653e-09,5,1.336729686476653e-09,0.09063013085097772
1.359242271936932e-09,3.411304992066595,1.359242271936932e-09,5,1.359242271936932e-09,0.129666070675447
1.375109280098975e-09,3.334725766529042,1.375109280098975e-09,5,1.375109280098975e-09,0.1599567303641477
1.394615275615445e-09,3.24157554090713,1.394615275615445e-09,5,1.394615275615445e-09,0.200481492613424
1.42295665393795e-09,3.108280044579857,1.42295665393795e-09,5,1.42295665393795e-09,0.2664097433327422
1.444857703448624e-09,3.007030326136525,1.444857703448624e-09,5,1.444857703448624e-09,0.3237827406966454
1.466978142532282e-09,2.906444693863668,1.466978142532282e-09,5,1.466978142532282e-09,0.3884543070841381
1.488033990333584e-09,2.812383560949398,1.488033990333584e-09,5,1.488033990333584e-09,0.4576186047597458
1.50713622382863e-09,2.728534937807038,1.50713622382863e-09,5,1.50713622382863e-09,0.5283611606252911
1.52459081463742e-09,2.653138109470027,1.52459081463742e-09,5,1.52459081463742e-09,0.6015317886743015
1.540356095010071e-09,2.585911328220193,1.540356095010071e-09,5,1.540356095010071e-09,0.6768392551728857
1.554388711229994e-09,2.526563803432035,1.554388711229994e-09,5,1.554388711229994e-09,0.75375936775162
1.566834041648068e-09,2.474254176851775,1.566834041648068e-09,5,1.566834041648068e-09,0.832372963735474
1.578162321496138e-09,2.427304176742842,1.578162321496138e-09,5,1.578162321496138e-09,0.9147363064806481
1.589164650686306e-09,2.383074204151494,1.589164650686306e-09,5,1.589164650686306e-09,1.006543834987792
1.600613613753547e-09,2.339147756530897,1.600613613753547e-09,5,1.600613613753547e-09,1.115804079808024
1.614192530310395e-09,2.290204636389666,1.614192530310395e-09,5,1.614192530310395e-09,1.263850984821265
1.627288474753945e-09,2.246234431589808,1.627288474753945e-09,5,1.627288474753945e-09,1.42458259500412
1.645738285282038e-09,2.189197340769452,1.645738285282038e-09,5,1.645738285282038e-09,1.677144253758776
1.662482736925302e-09,2.141776917718666,1.662482736925302e-09,5,1.662482736925302e-09,1.928530323489097
1.678628130364749e-09,2.099299747369444,1.678628130364749e-09,5,1.678628130364749e-09,2.186548580897306
1.69530147241786e-09,2.058060733565604,1.69530147241786e-09,5,1.69530147241786e-09,2.464500995473153
1.712491022590307e-09,2.017564246320808,1.712491022590307e-09,5,1.712491022590307e-09,2.75829145786991
1.730265005112957e-09,1.976975379081652,1.730265005112957e-09,5,1.730265005112957e-09,3.063957138101503
1.748329916218105e-09,1.936080215060699,1.748329916218105e-09,5,1.748329916218105e-09,3.368932705149958
1.765696269759145e-09,1.89637105105811,1.765696269759145e-09,5,1.765696269759145e-09,3.643906755096002
1.780344226209153e-09,1.864219786685386,1.780344226209153e-09,5,1.780344226209153e-09,3.848923167928582
1.793313844904899e-09,1.837571993465943,1.793313844904899e-09,5,1.793313844904899e-09,4.003907771937812
1.808471431692369e-09,1.805804821669496,1.808471431692369e-09,5,1.808471431692369e-09,4.154585919868787
1.831505331938543e-09,1.751924950482252,1.831505331938543e-09,5,1.831505331938543e-09,4.331991150226409
1.850794859459269e-09,1.700835827279256,1.850794859459269e-09,5,1.850794859459269e-09,4.443548459536649
1.868988773596116e-09,1.64861247703616,1.868988773596116e-09,5,1.868988773596116e-09,4.526089860378598
1.888623091282729e-09,1.58940349595155,1.888623091282729e-09,5,1.888623091282729e-09,4.597541373663755
1.910049192053496e-09,1.523011897319481,1.910049192053496e-09,5,1.910049192053496e-09,4.660768423120103
1.934273576214632e-09,1.447306329663256,1.934273576214632e-09,5,1.934273576214632e-09,4.7192841366537
1.962434541594776e-09,1.360006232308301,1.962434541594776e-09,5,1.962434541594776e-09,4.775148337319636
1.982562622010312e-09,1.298642241238844,1.982562622010312e-09,5,1.982562622010312e-09,4.808896644726956
2.003652715851524e-09,1.235668756118344,2.003652715851524e-09,5,2.003652715851524e-09,4.839950379181494
2.022946968964269e-09,1.179426443905011,2.022946968964269e-09,5,2.022946968964269e-09,4.865066168445609
2.041845284016479e-09,1.125694106407325,2.041845284016479e-09,5,2.041845284016479e-09,4.886920497320949
2.059638982747794e-09,1.07634421139356,2.059638982747794e-09,5,2.059638982747794e-09,4.905147905770474
2.076612635775667e-09,1.030342834708658,2.076612635775667e-09,5,2.076612635775667e-09,4.920453498828381
2.092837778460324e-09,0.9872228732604726,2.092837778460324e-09,5,2.092837778460324e-09,4.933181599689342
2.108711095566702e-09,0.9456012295480851,2.108711095566702e-09,5,2.108711095566702e-09,4.943830446854478
2.1248296529917e-09,0.9035238959787645,2.1248296529917e-09,5,2.1248296529917e-09,4.952854492684843
2.142493832303642e-09,0.8572486941491361,2.142493832303642e-09,5,2.142493832303642e-09,4.960798632659118
2.164633689887712e-09,0.7993984035610006,2.164633689887712e-09,5,2.164633689887712e-09,4.96824615772609
2.208913405055852e-09,0.689599278271511,2.208913405055852e-09,5,2.208913405055852e-09,4.977372541107154
2.240237533584787e-09,0.6190384015414067,2.240237533584787e-09,5,2.240237533584787e-09,4.980877641609879
2.275445087054559e-09,0.5472336138354766,2.275445087054559e-09,5,2.275445087054559e-09,4.983477552734148
2.317306838922323e-09,0.4717020194252271,2.317306838922323e-09,5,2.317306838922323e-09,4.985803272330012
2.368884022320531e-09,0.3919014568337236,2.368884022320531e-09,5,2.368884022320531e-09,4.98815538669567
2.430042249725692e-09,0.3136671921408168,2.430042249725692e-09,5,2.430042249725692e-09,4.990481055033991
2.498162825097742e-09,0.2439801249918898,2.498162825097742e-09,5,2.498162825097742e-09,4.992586251420822
2.572445980791245e-09,0.1848943368808624,2.572445980791245e-09,5,2.572445980791245e-09,4.994386489483558
2.6538122667005e-09,0.1359702296103641,2.6538122667005e-09,5,2.6538122667005e-09,4.995879021575211
2.743967400823546e-09,0.09630628860386743,2.743967400823546e-09,5,2.743967400823546e-09,4.99708641634323
2.845489003846233e-09,0.0649152258283118,2.845489003846233e-09,5,2.845489003846233e-09,4.998039172582537
2.962149331446989e-09,0.04085001695017663,2.962149331446989e-09,5,2.962149331446989e-09,4.998767663432326
3.099432288283953e-09,0.02323661461046584,3.099432288283953e-09,5,3.099432288283953e-09,4.999299708108239
3.258822944215544e-09,0.01161900858321565,3.258822944215544e-09,5,3.258822944215544e-09,4.999650029525202
3.44451533566005e-09,0.004752343282246033,3.44451533566005e-09,5,3.44451533566005e-09,4.999856849921546
3.666139790430828e-09,0.001214864286723751,3.666139790430828e-09,5,3.666139790430828e-09,4.999963352003737
3.916139790430828e-09,-0.0001051035308624296,3.916139790430828e-09,5,3.916139790430828e-09,5.000003115101257
4.166139790430828e-09,-0.0003365036231097792,4.166139790430828e-09,5,4.166139790430828e-09,5.000010098555822
4.416139790430828e-09,-0.0002544635754859882,4.416139790430828e-09,5,4.416139790430828e-09,5.000007611716557
4.666139790430827e-09,-0.0001396862145418846,4.666139790430827e-09,5,4.666139790430827e-09,5.000004166664161
4.916139790430827e-09,-6.237492588489185e-05,4.916139790430827e-09,5,4.916139790430827e-09,5.00000185076898
5.166139790430827e-09,-2.256164703315723e-05,5.166139790430827e-09,5,5.166139790430827e-09,5.000000660054486
5.416139790430827e-09,-5.722012255030565e-06,5.416139790430827e-09,5,5.416139790430827e-09,5.000000154463351
5.666139790430826e-09,-6.064885413913054e-08,5.666139790430826e-09,5,5.666139790430826e-09,4.999999984044388
5.916139790430826e-09,1.132321785174296e-06,5.916139790430826e-09,5,5.916139790430826e-09,4.99999994789669
6.1e-09,9.492815877625488e-07,6.1e-09,5,6.1e-09,4.99999995318918
6.104391103180165e-09,-0.004682943725572296,6.104391103180165e-09,4.780444840991765,6.104391103180165e-09,4.999114426650475
6.109486322723392e-09,-0.01001344278310888,6.109486322723392e-09,4.525683863830381,6.109486322723392e-09,4.998200411895246
6.119676761809848e-09,-0.02179562499357928,6.119676761809848e-09,4.016161909507614,6.119676761809848e-09,4.996503941314164
6.136618214177737e-09,-0.03246655384454761,6.136618214177737e-09,3.169089291113139,6.136618214177737e-09,4.996005183919194
6.150412327652421e-09,-0.02681597398896001,6.150412327652421e-09,2.479383617378962,6.150412327652421e-09,4.998187271828471
6.16682124746911e-09,0.0004058789733290967,6.16682124746911e-09,1.658937626544491,6.16682124746911e-09,5.003477300838638
6.183410623734555e-09,0.05506738298895324,6.183410623734555e-09,0.8294688132722641,6.183410623734555e-09,5.011514774010461
6.2e-09,0.1456687644758914,6.2e-09,0,6.2e-09,5.022639629194491
6.201358423101804e-09,0.1556330565127558,6.201358423101804e-09,0,6.201358423101804e-09,5.023866272283642
6.202835845135713e-09,0.1664597315742884,6.202835845135713e-09,0,6.202835845135713e-09,5.025159556324891
6.20515571537725e-09,0.1834247809314644,6.20515571537725e-09,0,6.20515571537725e-09,5.027078919316599
6.209795455860325e-09,0.2172267315394713,6.209795455860325e-09,0,6.209795455860325e-09,5.030524466953329
6.219074936826474e-09,0.284403655579064,6.219074936826474e-09,0,6.219074936826474e-09,5.03611201283656
6.237633898758772e-09,0.4175714491581708,6.237633898758772e-09,0,6.237633898758772e-09,5.043696199042323
6.266435185873564e-09,0.622315827375852,6.266435185873564e-09,0,6.266435185873564e-09,5.05011685474814
6.287644645406926e-09,0.7715233517286424,6.287644645406926e-09,0,6.287644645406926e-09,5.052356777653857
6.297795045926627e-09,0.8411494312525229,6.297795045926627e-09,0,6.297795045926627e-09,5.052821432148172
6.318095846966029e-09,0.9701248237679069,6.318095846966029e-09,0,6.318095846966029e-09,5.051264336584266
6.34022356029149e-09,1.100389678378815,6.34022356029149e-09,0,6.34022356029149e-09,5.042113689567801
6.351450615116232e-09,1.164524415741027,6.351450615116232e-09,0,6.351450615116232e-09,5.033936993177408
6.373607916051678e-09,1.287900654305264,6.373607916051678e-09,0,6.373607916051678e-09,5.010948832845134
6.386620847666369e-09,1.358806909087425,6.386620847666369e-09,0,6.386620847666369e-09,4.993897347729928
6.403871362121204e-09,1.451607827758885,6.403871362121204e-09,0,6.403871362121204e-09,4.968210995575558
6.438372391030873e-09,1.631563163007526,6.438372391030873e-09,0,6.438372391030873e-09,4.905254694035271
6.464274409259658e-09,1.761987799585412,6.464274409259658e-09,0,6.464274409259658e-09,4.848639379710255
6.485541295176658e-09,1.866163540808134,6.485541295176658e-09,0,6.485541295176658e-09,4.796365145152901
6.528075067010658e-09,2.066478639735365,6.528075067010658e-09,0,6.528075067010658e-09,4.675296905587972
6.555559151166379e-09,2.190083889090467,6.555559151166379e-09,0,6.555559151166379e-09,4.583534947839965
6.582764319513656e-09,2.307884654777109,6.582764319513656e-09,0,6.582764319513656e-09,4.479372205427277
6.607388554789314e-09,2.410941036201815,6.607388554789314e-09,0,6.607388554789314e-09,4.369840316193246
6.625310309101397e-09,2.484509974439092,6.625310309101397e-09,0,6.625310309101397e-09,4.277576984027956
6.641094126676972e-09,2.549076656611845,6.641094126676972e-09,0,6.641094126676972e-09,4.183874017254712
6.665002015248665e-09,2.646230718137728,6.665002015248665e-09,0,6.665002015248665e-09,4.009407307278464
6.687287440058635e-09,2.731325806798192,6.687287440058635e-09,0,6.687287440058635e-09,3.803531111196671
6.71106152667695e-09,2.812666500799294,6.71106152667695e-09,0,6.71106152667695e-09,3.535757750842819
6.726007707597796e-09,2.858642201096889,6.726007707597796e-09,0,6.726007707597796e-09,3.342688165245145
6.743815858298704e-09,2.908585505812633,6.743815858298704e-09,0,6.743815858298704e-09,3.089880203137644
6.760488015661887e-09,2.951007897350929,6.760488015661887e-09,0,6.760488015661887e-09,2.83308388706274
6.778307341107154e-09,2.992264148352723,6.778307341107154e-09,0,6.778307341107154e-09,2.540080392706663
6.795688793119533e-09,3.028999866269994,6.795688793119533e-09,0,6.795688793119533e-09,2.238920548161779
6.811321472389799e-09,3.059567332986426,6.811321472389799e-09,0,6.811321472389799e-09,1.957937036917837
6.836118810408956e-09,3.104924010443482,6.836118810408956e-09,0,6.836118810408956e-09,1.503897012884523
6.84946850659664e-09,3.128727835604761,6.84946850659664e-09,0,6.84946850659664e-09,1.266518434557576
6.863809513030996e-09,3.154089468282696,6.863809513030996e-09,0,6.863809513030996e-09,1.038991464457588
6.87575819983881e-09,3.1753539338628,6.87575819983881e-09,0,6.87575819983881e-09,0.880701588075646
6.888480436766334e-09,3.200571808823635,6.888480436766334e-09,0,6.888480436766334e-09,0.743608284000034
6.909254522191469e-09,3.249948645449902,6.909254522191469e-09,0,6.909254522191469e-09,0.5772520848646612
6.926990253109182e-09,3.299427341261307,6.926990253109182e-09,0,6.926990253109182e-09,0.4777934438297958
6.942909458502206e-09,3.347880528036511,6.942909458502206e-09,0,6.942909458502206e-09,0.4117919987123054
6.959700272730866e-09,3.401276805851867,6.959700272730866e-09,0,6.959700272730866e-09,0.3578956421516559
6.977942587739834e-09,3.46035637059454,6.977942587739834e-09,0,6.977942587739834e-09,0.3112077186406721
6.998872570538229e-09,3.528105436621038,6.998872570538229e-09,0,6.998872570538229e-09,0.267437021908614
7.01567753197021e-09,3.581890303084818,7.01567753197021e-09,0,7.01567753197021e-09,0.2376274179946875
7.034589008892026e-09,3.641321997889886,7.034589008892026e-09,0,7.034589008892026e-09,0.2080911387549937
7.053490424236064e-09,3.699326562333049,7.053490424236064e-09,0,7.053490424236064e-09,0.1818940518394207
7.073059472137561e-09,3.757768622241531,7.073059472137561e-09,0,7.073059472137561e-09,0.1576810119372212
7.09287063331306e-09,3.815182215050188,7.09287063331306e-09,0,7.09287063331306e-09,0.1357901195087067
7.112995241267089e-09,3.871651691749474,7.112995241267089e-09,0,7.112995241267089e-09,0.1159607569167309
7.133337541323439e-09,3.926808554159565,7.133337541323439e-09,0,7.133337541323439e-09,0.09814897877808547
7.15385305119955e-09,3.980468133130421,7.15385305119955e-09,0,7.15385305119955e-09,0.08226503404011724
7.174405365667314e-09,4.032252947288923,7.174405365667314e-09,0,7.174405365667314e-09,0.06829236419062322
7.194830201707837e-09,4.081793336718336,7.194830201707837e-09,0,7.194830201707837e-09,0.05621859026422576
7.215006206398659e-09,4.128909315960299,7.215006206398659e-09,0,7.215006206398659e-09,0.04599658830307028
7.234984030083597e-09,4.173890282399039,7.234984030083597e-09,0,7.234984030083597e-09,0.0375031549795914
7.25506174506505e-09,4.217626119211183,7.25506174506505e-09,0,7.25506174506505e-09,0.03055346243869972
7.275840526325802e-09,4.261745315341725,7.275840526325802e-09,0,7.275840526325802e-09,0.02493130332628749
7.298479321740548e-09,4.309284766709225,7.298479321740548e-09,0,7.298479321740548e-09,0.0203809777104212
7.326161735578378e-09,4.367719851520442,7.326161735578378e-09,0,7.326161735578378e-09,0.01650589692816331
7.350049454983642e-09,4.417730505085211,7.350049454983642e-09,0,7.350049454983642e-09,0.01421612297479385
7.39782489379417e-09,4.510441947289729,7.39782489379417e-09,0,7.39782489379417e-09,0.01118466917208176
7.44773139117123e-09,4.593421660944621,7.44773139117123e-09,0,7.44773139117123e-09,0.009135678443719188
7.507573487325626e-09,4.675492068894539,7.507573487325626e-09,0,7.507573487325626e-09,0.007303213551480578
7.572151961592095e-09,4.746159032012693,7.572151961592095e-09,0,7.572151961592095e-09,0.005732751265559931
7.646123972444888e-09,4.80890353898957,7.646123972444888e-09,0,7.646123972444888e-09,0.004315437081613682
7.731183165004118e-09,4.862638873232354,7.731183165004118e-09,0,7.731183165004118e-09,0.003092748185303451
7.826953193772852e-09,4.905767519845915,7.826953193772852e-09,0,7.826953193772852e-09,0.002113904722930082
7.936301193899765e-09,4.939201463102499,7.936301193899765e-09,0,7.936301193899765e-09,0.001359666844276013
8.057918955616682e-09,4.963092302936371,8.057918955616682e-09,0,8.057918955616682e-09,0.0008237365900297021
8.195028558959683e-09,4.979378765297849,8.195028558959683e-09,0,8.195028558959683e-09,0.0004597573041873618
8.352544524791069e-09,4.98982913535455,8.352544524791069e-09,0,8.352544524791069e-09,0.0002266790253544474
8.537424182874448e-09,4.995958885251115,8.537424182874448e-09,0,8.537424182874448e-09,9.009114411061839e-05
8.760370237518516e-09,4.999075468979169,8.760370237518516e-09,0,8.760370237518516e-09,2.065940713045282e-05
9.010370237518517e-09,5.000176359326984,9.010370237518517e-09,0,9.010370237518517e-09,-3.888920346032675e-06
9.260370237518517e-09,5.000332873723119,9.260370237518517e-09,0,9.260370237518517e-09,-7.412197995232246e-06
9.510370237518518e-09,5.000234903606887,9.510370237518518e-09,0,9.510370237518518e-09,-5.246609652975791e-06
9.760370237518519e-09,5.000123366503208,9.760370237518519e-09,0,9.760370237518519e-09,-2.750839136323079e-06
1.001037023751852e-08,5.000052566414147,1.001037023751852e-08,0,1.001037023751852e-08,-1.162755691292147e-06
1.026037023751852e-08,5.000017734501253,1.026037023751852e-08,0,1.026037023751852e-08,-3.801126134149593e-07
1.051037023751852e-08,5.000003743418067,1.051037023751852e-08,0,1.051037023751852e-08,-6.692605203385231e-08
1.076037023751852e-08,4.999999429190694,1.076037023751852e-08,0,1.076037023751852e-08,2.942919605727421e-08
1.093018511875926e-08,4.999999021097355,1.093018511875926e-08,0,1.093018511875926e-08,3.862581155990162e-08
1.11e-08,4.999999209660434,1.11e-08,0,1.11e-08,3.409048082374189e-08
1.110423114548064e-08,5.006038670383463,1.110423114548064e-08,0.2115572740318575,1.110423114548064e-08,0.001094225853077108
1.110887285045803e-08,5.012534402197146,1.110887285045803e-08,0.4436425229013364,1.110887285045803e-08,0.002141308011003921
1.111815626041281e-08,5.025199718504785,1.111815626041281e-08,0.9078130206402942,1.111815626041281e-08,0.003736006085365837
1.113672308032236e-08,5.042632973549045,1.113672308032236e-08,1.83615401611821,1.113672308032236e-08,0.004548464374883225
1.115478648210751e-08,5.036742040054762,1.115478648210751e-08,2.739324105375262,1.115478648210751e-08,0.001606498704402564
1.117076221128089e-08,5.009728253980119,1.117076221128089e-08,3.538110564044438,1.117076221128089e-08,-0.003319968811451783
1.118538110564044e-08,4.961857256894091,1.118538110564044e-08,4.269055282022158,1.118538110564044e-08,-0.009688652942254577
1.12e-08,4.884040138155582,1.12e-08,4.999999999999962,1.12e-08,-0.01822170274161957
1.120127863087253e-08,4.875054717507687,1.120127863087253e-08,5,1.120127863087253e-08,-0.01920348022194107
1.120266801884095e-08,4.865294462811868,1.120266801884095e-08,5,1.120266801884095e-08,-0.02023130239503552
1.120481070131684e-08,4.850258905151843,1.120481070131684e-08,5,1.120481070131684e-08,-0.02171376640560607
1.120909606626863e-08,4.820245030596097,1.120909606626863e-08,5,1.120909606626863e-08,-0.02432478819170937
1.121766679617221e-08,4.760371169068433,1.121766679617221e-08,5,1.121766679617221e-08,-0.02841093950257907
1.123480825597936e-08,4.640825879040504,1.123480825597936e-08,5,1.123480825597936e-08,-0.03362705001779474
1.125262990226641e-08,4.516577052853139,1.125262990226641e-08,5,1.125262990226641e-08,-0.03654761835315819
1.126849759182461e-08,4.407325463683793,1.126849759182461e-08,5,1.126849759182461e-08,-0.03797085338463012
1.127967880530746e-08,4.335016024665678,1.127967880530746e-08,5,1.127967880530746e-08,-0.03857537332185373
1.129677100998922e-08,4.236169703496013,1.129677100998922e-08,5,1.129677100998922e-08,-0.03833626740757053
1.131873892350708e-08,4.117611800375448,1.131873892350708e-08,5,1.131873892350708e-08,-0.03338591733692657
1.133773468252132e-08,4.017430319756163,1.133773468252132e-08,5,1.133773468252132e-08,-0.02376072139402432
1.136158197337309e-08,3.893676997886899,1.136158197337309e-08,5,1.136158197337309e-08,-0.004899046899050639
1.137489854564871e-08,3.825496591681673,1.137489854564871e-08,5,1.137489854564871e-08,0.008303637869822949
1.139233512192399e-08,3.737157797107183,1.139233512192399e-08,5,1.139233512192399e-08,0.02820487251974373
1.140850683417796e-08,3.656079837001135,1.140850683417796e-08,5,1.140850683417796e-08,0.04938600570343185
1.142556914625045e-08,3.571371676804296,1.142556914625045e-08,5,1.142556914625045e-08,0.07438757035012618
1.144434883376058e-08,3.479091634784546,1.144434883376058e-08,5,1.144434883376058e-08,0.1049411806667383
1.146516240655209e-08,3.377972185432263,1.146516240655209e-08,5,1.146516240655209e-08,0.1425090961441583
1.148910736573968e-08,3.263162807825381,1.148910736573968e-08,5,1.148910736573968e-08,0.1907163281928437
1.15190869839641e-08,3.121826978464209,1.15190869839641e-08,5,1.15190869839641e-08,0.2592731682310544
1.15453211168417e-08,3.000494667052061,1.15453211168417e-08,5,1.15453211168417e-08,0.3278044688058294
1.15795310402268e-08,2.845946675950619,1.15795310402268e-08,5,1.15795310402268e-08,0.4321928739324126
1.160365236546453e-08,2.739630795419869,1.160365236546453e-08,5,1.160365236546453e-08,0.5189379956115067
1.162228854406094e-08,2.658989507454979,1.162228854406094e-08,5,1.162228854406094e-08,0.5959685700092545
1.163685753791913e-08,2.596751793410231,1.163685753791913e-08,5,1.163685753791913e-08,0.6643003995457203
1.164884249724376e-08,2.545945122980331,1.164884249724376e-08,5,1.164884249724376e-08,0.7275468914121944
1.167252392161969e-08,2.446791199623642,1.167252392161969e-08,5,1.167252392161969e-08,0.8805373795018588
1.169439644175609e-08,2.359668503332502,1.169439644175609e-08,5,1.169439644175609e-08,1.067513271097839
1.171403762176692e-08,2.288137914204563,1.171403762176692e-08,5,1.171403762176692e-08,1.27733677480757
1.172778190101626e-08,2.242206924309043,1.172778190101626e-08,5,1.172778190101626e-08,1.447152691231163
1.17450572007673e-08,2.188958762964809,1.17450572007673e-08,5,1.17450572007673e-08,1.684424283607775
1.176201229427387e-08,2.140942835445236,1.176201229427387e-08,5,1.176201229427387e-08,1.938917504378453
1.178454287081461e-08,2.08231016467305,1.178454287081461e-08,5,1.178454287081461e-08,2.301555804433413
1.180713222881515e-08,2.02784937687629,1.180713222881515e-08,5,1.180713222881515e-08,2.682870067952954
1.182916123329955e-08,1.977201248004275,1.182916123329955e-08,5,1.182916123329955e-08,3.06055928315099
1.185073957001948e-08,1.92815922462216,1.185073957001948e-08,5,1.185073957001948e-08,3.422348633990132
1.187055527791705e-08,1.882823990599811,1.187055527791705e-08,5,1.187055527791705e-08,3.726106695441258
1.188649577153001e-08,1.848911851996255,1.188649577153001e-08,5,1.188649577153001e-08,3.934086642558108
1.190099918123948e-08,1.819144335216278,1.190099918123948e-08,5,1.190099918123948e-08,4.091112075793895
1.192189160374418e-08,1.772679621192864,1.192189160374418e-08,5,1.192189160374418e-08,4.27000405549742
1.194461706037033e-08,1.714974145575076,1.194461706037033e-08,5,1.194461706037033e-08,4.415294418252342
1.196409281977558e-08,1.66017421559629,1.196409281977558e-08,5,1.196409281977558e-08,4.509492191273523
1.198398523408668e-08,1.600743739667297,1.198398523408668e-08,5,1.198398523408668e-08,4.585302469856181
1.200557204047641e-08,1.534100407638646,1.200557204047641e-08,5,1.200557204047641e-08,4.651350976145721
1.202960298811898e-08,1.459012469230503,1.202960298811898e-08,5,1.202960298811898e-08,4.711149661178519
1.205738274024314e-08,1.372697774510714,1.205738274024314e-08,5,1.205738274024314e-08,4.76776249911342
1.20775705884446e-08,1.310916793057609,1.20775705884446e-08,5,1.20775705884446e-08,4.802481185854576
1.209897712492161e-08,1.246717776714375,1.209897712492161e-08,5,1.209897712492161e-08,4.834746654773737
1.211859910844257e-08,1.189262302737502,1.211859910844257e-08,5,1.211859910844257e-08,4.860845005278296
1.21378765287118e-08,1.134215474981993,1.21378765287118e-08,5,1.21378765287118e-08,4.883594608262057
1.21560370457224e-08,1.083653028863127,1.21560370457224e-08,5,1.21560370457224e-08,4.902564342369736
1.217334957461825e-08,1.036581987388208,1.217334957461825e-08,5,1.217334957461825e-08,4.918479101735837
1.218985993289551e-08,0.9926013052091364,1.218985993289551e-08,5,1.218985993289551e-08,4.931685460649599
1.220595514745757e-08,0.950346836899005,1.220595514745757e-08,5,1.220595514745757e-08,4.942701681328352
1.222220601695746e-08,0.9079235817587209,1.222220601695746e-08,5,1.222220601695746e-08,4.951993483131854
1.223984440979166e-08,0.8617365766420582,1.223984440979166e-08,5,1.223984440979166e-08,4.960113337147027
1.226167181730752e-08,0.8046408422042938,1.226167181730752e-08,5,1.226167181730752e-08,4.967668892760742
1.230532663233926e-08,0.6958521539609073,1.230532663233926e-08,5,1.230532663233926e-08,4.976991673048311
1.233618717775601e-08,0.6257658463489735,1.233618717775601e-08,5,1.233618717775601e-08,4.980583228479983
1.237127482595453e-08,0.5535021208990591,1.237127482595453e-08,5,1.237127482595453e-08,4.983262160400225
1.241281621215395e-08,0.4777197237189886,1.241281621215395e-08,5,1.241281621215395e-08,4.985621169944211
1.246402798425983e-08,0.3974870071492623,1.246402798425983e-08,5,1.246402798425983e-08,4.987991402397393
1.252519019373552e-08,0.3181831133028253,1.252519019373552e-08,5,1.252519019373552e-08,4.990346860698163
1.259361474381894e-08,0.2472425462691587,1.259361474381894e-08,5,1.259361474381894e-08,4.992487757113169
1.266833426876957e-08,0.1870694481113327,1.266833426876957e-08,5,1.266833426876957e-08,4.994320305178991
1.275023262894114e-08,0.1372883826868445,1.275023262894114e-08,5,1.275023262894114e-08,4.995838902025197
1.284102338879038e-08,0.09699014775951442,1.284102338879038e-08,5,1.284102338879038e-08,4.997065691586101
1.294331089471071e-08,0.06516246468356049,1.294331089471071e-08,5,1.294331089471071e-08,4.998031745000977
1.306093432477062e-08,0.04082461515809257,1.306093432477062e-08,5,1.306093432477062e-08,4.998768481931953
1.319949530367193e-08,0.02307032046054237,1.319949530367193e-08,5,1.319949530367193e-08,4.999304755048246
1.335875082022923e-08,0.01152314472169229,1.335875082022923e-08,5,1.335875082022923e-08,4.999652925094836
1.354425319808003e-08,0.004708134642682808,1.354425319808003e-08,5,1.354425319808003e-08,4.999858179455232
1.376574234534497e-08,0.001199481268331571,1.376574234534497e-08,5,1.376574234534497e-08,4.999963814032609
1.401574234534497e-08,-0.0001083455283188836,1.401574234534497e-08,5,1.401574234534497e-08,5.000003212738424
1.426574234534497e-08,-0.000335993354294236,1.426574234534497e-08,5,1.426574234534497e-08,5.000010082959963
1.451574234534497e-08,-0.0002533796222667198,1.451574234534497e-08,5,1.451574234534497e-08,5.000007579183523
1.476574234534497e-08,-0.0001389018077492063,1.476574234534497e-08,5,1.476574234534497e-08,5.000004143170838
1.501574234534497e-08,-6.195389010462113e-05,1.501574234534497e-08,5,1.501574234534497e-08,5.000001838158783
1.526574234534497e-08,-2.237673921487854e-05,1.526574234534497e-08,5,1.526574234534497e-08,5.000000654498987
1.551574234534497e-08,-5.656532013710611e-06,1.551574234534497e-08,5,1.551574234534497e-08,5.000000152492611
1.576574234534497e-08,-4.482022378268911e-08,1.576574234534497e-08,5,1.576574234534497e-08,4.9999999835678
1.601574234534497e-08,1.131866230548481e-06,1.601574234534497e-08,5,1.601574234534497e-08,4.999999947904439
1.62e-08,9.465594379452965e-07,1.62e-08,5,1.62e-08,4.999999953271406
1.620439554486458e-08,-0.004687562194089742,1.620439554486458e-08,4.780222756771176,1.620439554486458e-08,4.999113658767524
1.62094940393271e-08,-0.01002131115051359,1.62094940393271e-08,4.52529803364512,1.62094940393271e-08,4.998199256379887
1.621969102825214e-08,-0.02181117220245183,1.621969102825214e-08,4.015448587393007,1.621969102825214e-08,4.996502136171054
1.623663821939245e-08,-0.03246771042102871,1.623663821939245e-08,3.168089030377385,1.623663821939245e-08,4.996006854484135
1.625042900789155e-08,-0.02679929633078201,1.625042900789155e-08,2.478549605422653,1.625042900789155e-08,4.998191274135144
1.626684598627216e-08,0.0004664251389695203,1.626684598627216e-08,1.657700686392094,1.626684598627216e-08,5.003487321649162
1.628342299313608e-08,0.05512404399478291,1.628342299313608e-08,0.8288503431960041,1.628342299313608e-08,5.011522465718458
1.63e-08,0.1456688283295222,1.63e-08,0,1.63e-08,5.022639862355896
1.630135799408832e-08,0.1556299763077055,1.630135799408832e-08,0,1.630135799408832e-08,5.023866124567904
1.63028349016506e-08,0.1664528877119897,1.63028349016506e-08,0,1.63028349016506e-08,5.025158978623502
1.630515367837083e-08,0.1834099642629628,1.630515367837083e-08,0,1.630515367837083e-08,5.027077512712859
1.630979123181129e-08,0.2171960794813047,1.630979123181129e-08,0,1.630979123181129e-08,5.03052174061723
1.631906633869221e-08,0.284341662699321,1.631906633869221e-08,0,1.631906633869221e-08,5.036107652796599
1.633761655245405e-08,0.4174475275616061,1.633761655245405e-08,0,1.633761655245405e-08,5.043690790967717
1.636643225644376e-08,0.6222952393963768,1.636643225644376e-08,0,1.636643225644376e-08,5.050116858805986
1.638781808657366e-08,0.7727313033679529,1.638781808657366e-08,0,1.638781808657366e-08,5.052371360385062
1.639806476707792e-08,0.8429625195700216,1.639806476707792e-08,0,1.639806476707792e-08,5.052830198023766
1.641855812808644e-08,0.9729177906263439,1.641855812808644e-08,0,1.641855812808644e-08,5.051164558607337
1.644078536776295e-08,1.10362424722679,1.644078536776295e-08,0,1.644078536776295e-08,5.041756797303282
1.645217764096861e-08,1.168634386998828,1.645217764096861e-08,0,1.645217764096861e-08,5.033314524955321
1.647463831793333e-08,1.293540862392906,1.647463831793333e-08,0,1.647463831793333e-08,5.009671681803012
1.648792482706385e-08,1.365891767772933,1.648792482706385e-08,0,1.648792482706385e-08,4.992106861171157
1.651449784532489e-08,1.507825683470084,1.651449784532489e-08,0,1.651449784532489e-08,4.950439381374837
1.65332563217325e-08,1.605316966808753,1.65332563217325e-08,0,1.65332563217325e-08,4.915437399349306
1.655779757830693e-08,1.729712792323032,1.655779757830693e-08,0,1.655779757830693e-08,4.863377671244846
1.660688009145577e-08,1.967965562622756,1.660688009145577e-08,0,1.660688009145577e-08,4.738520760940785
1.664471976626106e-08,2.141780869009661,1.664471976626106e-08,0,1.664471976626106e-08,4.621121103760133
1.668437468351562e-08,2.314427300426908,1.668437468351562e-08,0,1.668437468351562e-08,4.472307827044673
1.671326235906118e-08,2.434749490008087,1.671326235906118e-08,0,1.671326235906118e-08,4.340313035050007
1.673483684536943e-08,2.523019091092554,1.673483684536943e-08,0,1.673483684536943e-08,4.221797340920623
1.674941872170504e-08,2.582780008116807,1.674941872170504e-08,0,1.674941872170504e-08,4.127501051644179
1.677137442295856e-08,2.671113729141595,1.677137442295856e-08,0,1.677137442295856e-08,3.955100680899934
1.679363163686612e-08,2.753861987141669,1.679363163686612e-08,0,1.679363163686612e-08,3.737389319533755
1.680717216670776e-08,2.799888277568087,1.680717216670776e-08,0,1.680717216670776e-08,3.583420132211088
1.682367746522663e-08,2.851557112395972,1.682367746522663e-08,0,1.682367746522663e-08,3.374483407708297
1.683921192576685e-08,2.895981835885528,1.683921192576685e-08,0,1.683921192576685e-08,3.157966464142151
1.685605699515099e-08,2.939949430638861,1.685605699515099e-08,0,1.685605699515099e-08,2.903597291945273
1.687334297358307e-08,2.981007164038787,1.687334297358307e-08,0,1.687334297358307e-08,2.624016540755974
1.689095274499493e-08,3.019159010754515,1.689095274499493e-08,0,1.689095274499493e-08,2.322916809583288
1.69072703573663e-08,3.05171448109448,1.69072703573663e-08,0,1.69072703573663e-08,2.032182630341266
1.692009740401361e-08,3.075761406423333,1.692009740401361e-08,0,1.692009740401361e-08,1.797869782872121
1.694326328682491e-08,3.117498165272978,1.694326328682491e-08,0,1.694326328682491e-08,1.375488238362691
1.695515804538713e-08,3.138715857664998,1.695515804538713e-08,0,1.695515804538713e-08,1.172198125601461
1.696728642680128e-08,3.159903505292502,1.696728642680128e-08,0,1.696728642680128e-08,0.9897622347132471
1.697890901431108e-08,3.180986333546925,1.697890901431108e-08,0,1.697890901431108e-08,0.8436129301008589
1.69937295344593e-08,3.211815514240315,1.69937295344593e-08,0,1.69937295344593e-08,0.69534699514665
1.701552196637327e-08,3.266488465962746,1.701552196637327e-08,0,1.701552196637327e-08,0.5381320653010954
1.703232749180234e-08,3.315078674904403,1.703232749180234e-08,0,1.703232749180234e-08,0.4534637464644697
1.704830041512931e-08,3.364612640212903,1.704830041512931e-08,0,1.704830041512931e-08,0.392950746910684
1.706546790461996e-08,3.419694696108855,1.706546790461996e-08,0,1.706546790461996e-08,0.3420319358087251
1.708436967232656e-08,3.481034426947963,1.708436967232656e-08,0,1.708436967232656e-08,0.2968945773402457
1.710645490561077e-08,3.552281545383094,1.710645490561077e-08,0,1.710645490561077e-08,0.2535054884401949
1.712383966344706e-08,3.607515045370194,1.712383966344706e-08,0,1.712383966344706e-08,0.2244122004613019
1.714321231810452e-08,3.66779492199671,1.714321231810452e-08,0,1.714321231810452e-08,0.1957749562106301
1.716235514073835e-08,3.725848189877369,1.716235514073835e-08,0,1.716235514073835e-08,0.1706122499189154
1.718213380557305e-08,3.784137085558364,1.718213380557305e-08,0,1.718213380557305e-08,0.1473843500887655
1.720209041707022e-08,3.841142630987564,1.720209041707022e-08,0,1.720209041707022e-08,0.1264620427891164
1.722234263535459e-08,3.897099832656116,1.722234263535459e-08,0,1.722234263535459e-08,0.1075517734727603
1.724277850898477e-08,3.95161484984334,1.724277850898477e-08,0,1.724277850898477e-08,0.09062888377039048
1.726333543942126e-08,4.004477011302338,1.726333543942126e-08,0,1.726333543942126e-08,0.07561940331562803
1.728385074163167e-08,4.055275576828336,1.728385074163167e-08,0,1.728385074163167e-08,0.0625196234977705
1.730416946749713e-08,4.103704573709914,1.730416946749713e-08,0,1.730416946749713e-08,0.05130505047681503
1.732423454889718e-08,4.149770936495805,1.732423454889718e-08,0,1.732423454889718e-08,0.0418957271487804
1.734420469397816e-08,4.194031075023798,1.734420469397816e-08,0,1.734420469397816e-08,0.03413583566269063
1.736450713646095e-08,4.237683910242374,1.736450713646095e-08,0,1.736450713646095e-08,0.02782331985155934
1.738593528012526e-08,4.282848216923273,1.738593528012526e-08,0,1.738593528012526e-08,0.02272946406318844
1.741023173546444e-08,4.333932029207067,1.741023173546444e-08,0,1.741023173546444e-08,0.0185532893179908
1.744323015939251e-08,4.403483436030976,1.744323015939251e-08,0,1.744323015939251e-08,0.01476722801492922
1.74715851885453e-08,4.46091885833196,1.74715851885453e-08,0,1.74715851885453e-08,0.0126552439632047
1.750978781107486e-08,4.531475758763858,1.750978781107486e-08,0,1.750978781107486e-08,0.01067722825123512
1.756260165169127e-08,4.615277152505647,1.756260165169127e-08,0,1.756260165169127e-08,0.008681560978057484
1.762052055620181e-08,4.690785281876515,1.762052055620181e-08,0,1.762052055620181e-08,0.006983135035802105
1.768660819832778e-08,4.759565112919445,1.768660819832778e-08,0,1.768660819832778e-08,0.00543507783655729
1.776339866730773e-08,4.821043147659397,1.776339866730773e-08,0,1.776339866730773e-08,0.00403863518688364
1.785019697995016e-08,4.872333325252478,1.785019697995016e-08,0,1.785019697995016e-08,0.002871583703363152
1.794816798835003e-08,4.91327139982908,1.794816798835003e-08,0,1.794816798835003e-08,0.001944066422198009
1.805987281321399e-08,4.94466514143969,1.805987281321399e-08,0,1.805987281321399e-08,0.001236910914667326
1.818435276901875e-08,4.966895065433986,1.818435276901875e-08,0,1.818435276901875e-08,0.0007386816130238668
1.832519000727681e-08,4.981889448854127,1.832519000727681e-08,0,1.832519000727681e-08,0.0004037338040596495
1.848762295718951e-08,4.991362912675128,1.848762295718951e-08,0,1.848762295718951e-08,0.000192494002596086
1.867918540375153e-08,4.996790330270735,1.867918540375153e-08,0,1.867918540375153e-08,7.156795451554004e-05
1.891156234701249e-08,4.999439978845231,1.891156234701249e-08,0,1.891156234701249e-08,1.253727400335903e-05
1.916156234701249e-08,5.000255378790788,1.916156234701249e-08,0,1.916156234701249e-08,-5.655340965345414e-06
1.941156234701249e-08,5.000322477469823,1.941156234701249e-08,0,1.941156234701249e-08,-7.189194414061268e-06
1.966156234701249e-08,5.000210369855934,1.966156234701249e-08,0,1.966156234701249e-08,-4.698660080331246e-06
1.991156234701249e-08,5.000105524441279,1.991156234701249e-08,0,1.991156234701249e-08,-2.350712993325223e-06
2.016156234701249e-08,5.000043220266897,2.016156234701249e-08,0,2.016156234701249e-08,-9.503719952264835e-07
2.041156234701248e-08,5.000013743995461,2.041156234701248e-08,0,2.041156234701248e-08,-2.904142182741656e-07
2.066156234701248e-08,5.000002392819647,2.066156234701248e-08,0,2.066156234701248e-08,-3.67912056531203e-08
2.091156234701248e-08,4.999999140983417,2.091156234701248e-08,0,2.091156234701248e-08,3.584392135302175e-08
2.105578117350624e-08,4.999999017823055,2.105578117350624e-08,0,2.105578117350624e-08,3.867420207972159e-08
2.12e-08,4.999999240645395,2.12e-08,0,2.12e-08,3.33775452900134e-08
2.120392290222748e-08,5.005609500357071,2.120392290222748e-08,0.1961451113741525,2.120392290222748e-08,0.001027180600522978
2.120821075007739e-08,5.011629338236138,2.120821075007739e-08,0.4105375038695171,2.120821075007739e-08,0.002016266419627761
2.12167864457772e-08,5.023302106092011,2.12167864457772e-08,0.8393222888602464,2.12167864457772e-08,0.003538202744882658
2.123393783717683e-08,5.041397343446153,2.123393783717683e-08,1.696891858841705,2.123393783717683e-08,0.004694543844722339
2.12540188242962e-08,5.03736702416355,2.12540188242962e-08,2.700941214810239,2.12540188242962e-08,0.001808979875319792
2.126979496215374e-08,5.011803131378935,2.126979496215374e-08,3.489748107687242,2.126979496215374e-08,-0.002950837159062441
2.128489748107687e-08,4.963832647504543,2.128489748107687e-08,4.244874053843644,2.128489748107687e-08,-0.009397363573910704
2.13e-08,4.883784870717358,2.13e-08,5,2.13e-08,-0.01820799569595984
2.13012953302766e-08,4.87468178666423,2.13012953302766e-08,5,2.13012953302766e-08,-0.01920273550910576
2.130270557990626e-08,4.864774698474085,2.130270557990626e-08,5,2.130270557990626e-08,-0.02024557827475993
2.130489272353568e-08,4.849427003975774,2.130489272353568e-08,5,2.130489272353568e-08,-0.02175634340752089
2.130926701079452e-08,4.81879091292655,2.130926701079452e-08,5,2.130926701079452e-08,-0.02441052555120651
2.13180155853122e-08,4.757676598529685,2.13180155853122e-08,5,2.13180155853122e-08,-0.02854509694569125
2.133551273434756e-08,4.635647898883162,2.133551273434756e-08,5,2.133551273434756e-08,-0.03378256340712738
2.135342151365728e-08,4.510798606787717,2.135342151365728e-08,5,2.135342151365728e-08,-0.03664626316860943
2.136896781236035e-08,4.403908437306706,2.136896781236035e-08,5,2.136896781236035e-08,-0.03800716254778894
2.138010250126436e-08,4.332172261607099,2.138010250126436e-08,5,2.138010250126436e-08,-0.03859518367508584
2.139700599071468e-08,4.23465997576709,2.139700599071468e-08,5,2.139700599071468e-08,-0.03831747361085385
2.141969645512014e-08,4.112319888514994,2.141969645512014e-08,5,2.141969645512014e-08,-0.03300387340098274
2.143878115077061e-08,4.011757073659002,2.143878115077061e-08,5,2.143878115077061e-08,-0.02305428951566468
2.146294240557501e-08,3.886480432431216,2.146294240557501e-08,5,2.146294240557501e-08,-0.003577247291032952
2.147635847283925e-08,3.817864883264093,2.147635847283925e-08,5,2.147635847283925e-08,0.009880237464408258
2.149444568052793e-08,3.726336505201135,2.149444568052793e-08,5,2.149444568052793e-08,0.03086577593780205
2.151042680292113e-08,3.646313656416572,2.151042680292113e-08,5,2.151042680292113e-08,0.05211441461448658
2.152785655014099e-08,3.559889019442475,2.152785655014099e-08,5,2.152785655014099e-08,0.07799666912093324
2.15468094886211e-08,3.466886368106064,2.15468094886211e-08,5,2.15468094886211e-08,0.1092430756942957
2.156797558252181e-08,3.364213768156001,2.156797558252181e-08,5,2.156797558252181e-08,0.1479637199201479
2.159244268307975e-08,3.247121670678885,2.159244268307975e-08,5,2.159244268307975e-08,0.197957441005703
2.162374250045354e-08,3.099954650240904,2.162374250045354e-08,5,2.162374250045354e-08,0.2709160675666045
2.165101809707838e-08,2.974288101411838,2.165101809707838e-08,5,2.165101809707838e-08,0.3440234295999745
2.16892607265695e-08,2.802670763620847,2.16892607265695e-08,5,2.16892607265695e-08,0.4659490101212469
2.171115972923434e-08,2.706879453812185,2.171115972923434e-08,5,2.171115972923434e-08,0.5490807808952575
2.172889620586616e-08,2.630570781470244,2.172889620586616e-08,5,2.172889620586616e-08,0.6262814787867914
2.17422094813987e-08,2.573909206338645,2.17422094813987e-08,5,2.17422094813987e-08,0.691986344619165
2.175338871420046e-08,2.526613416356519,2.175338871420046e-08,5,2.175338871420046e-08,0.7539217198061444
2.177574717980399e-08,2.433330067008387,2.177574717980399e-08,5,2.177574717980399e-08,0.9049234275747752
2.179688658469857e-08,2.349962726846889,2.179688658469857e-08,5,2.179688658469857e-08,1.09160418813722
2.181686481107673e-08,2.278179232636534,2.181686481107673e-08,5,2.181686481107673e-08,1.31056595823572
2.183103382163166e-08,2.231600881945454,2.183103382163166e-08,5,2.183103382163166e-08,1.489795375180424
2.184870618205299e-08,2.178101023195777,2.184870618205299e-08,5,2.184870618205299e-08,1.737564239228627
2.187366535777144e-08,2.109705105194168,2.187366535777144e-08,5,2.187366535777144e-08,2.123073020305484
2.189656916060581e-08,2.052603916039631,2.189656916060581e-08,5,2.189656916060581e-08,2.502398906929207
2.191864998176803e-08,2.000927688667755,2.191864998176803e-08,5,2.191864998176803e-08,2.879895185641417
2.194049441935889e-08,1.95128487773654,2.194049441935889e-08,5,2.194049441935889e-08,3.252468332930654
2.196130943807654e-08,1.903669407246769,2.196130943807654e-08,5,2.196130943807654e-08,3.589331648023406
2.197908802133871e-08,1.864143273987426,2.197908802133871e-08,5,2.197908802133871e-08,3.842110583587677
2.199378089666127e-08,1.833924182817396,2.199378089666127e-08,5,2.199378089666127e-08,4.016743789982607
2.200966196983105e-08,1.800473860200367,2.200966196983105e-08,5,2.200966196983105e-08,4.171521429783634
2.20331195480242e-08,1.745003461114903,2.20331195480242e-08,5,2.20331195480242e-08,4.347412758376225
2.205369853453282e-08,1.689833529281554,2.205369853453282e-08,5,2.205369853453282e-08,4.462206124509955
2.207299399895761e-08,1.633801102660552,2.207299399895761e-08,5,2.207299399895761e-08,4.545596585135303
2.209364105976109e-08,1.571008634788739,2.209364105976109e-08,5,2.209364105976109e-08,4.616638147976968
2.211620945135563e-08,1.500790276577672,2.211620945135563e-08,5,2.211620945135563e-08,4.679365200683855
2.214181501157245e-08,1.420826674072002,2.214181501157245e-08,5,2.214181501157245e-08,4.737485086005949
2.216130858863172e-08,1.360448401723282,2.216130858863172e-08,5,2.216130858863172e-08,4.774770481644595
2.218285907842064e-08,1.294768079655409,2.218285907842064e-08,5,2.218285907842064e-08,4.810744794088998
2.220293255311443e-08,1.23488924983347,2.220293255311443e-08,5,2.220293255311443e-08,4.840190583020059
2.222276055656324e-08,1.177142362599825,2.222276055656324e-08,5,2.222276055656324e-08,4.86595937602915
2.224164539344049e-08,1.123514316010849,2.224164539344049e-08,5,2.224164539344049e-08,4.88771865630842
2.225967546104645e-08,1.073575244001042,2.225967546104645e-08,5,2.225967546104645e-08,4.90609195905335
2.227677034683226e-08,1.027311685391173,2.227677034683226e-08,5,2.227677034683226e-08,4.921387783706114
2.229316889703539e-08,0.9837872041249837,2.229316889703539e-08,5,2.229316889703539e-08,4.934115798351407
2.230922901420109e-08,0.9417093923342755,2.230922901420109e-08,5,2.230922901420109e-08,4.944734969632732
2.232563255592353e-08,0.8988846798672634,2.232563255592353e-08,5,2.232563255592353e-08,4.953739393468621
2.234382541225031e-08,0.8512038120813898,2.234382541225031e-08,5,2.234382541225031e-08,4.961694901704156
2.236709982257861e-08,0.790522680781984,2.236709982257861e-08,5,2.236709982257861e-08,4.969190548219175
2.241364864323522e-08,0.6762786455545043,2.241364864323522e-08,5,2.241364864323522e-08,4.978172698974493
2.244675258095625e-08,0.6031061876532082,2.244675258095625e-08,5,2.244675258095625e-08,4.981571967496946
2.248347294766003e-08,0.5301028198774156,2.248347294766003e-08,5,2.248347294766003e-08,4.984071485268823
2.252766978339885e-08,0.4529395995270888,2.252766978339885e-08,5,2.252766978339885e-08,4.986380386077247
2.258219195486514e-08,0.3721066491713819,2.258219195486514e-08,5,2.258219195486514e-08,4.988745956077199
2.264599600795989e-08,0.2947247293570906,2.264599600795989e-08,5,2.264599600795989e-08,4.991050334612185
2.271653579013347e-08,0.2269960964567034,2.271653579013347e-08,5,2.271653579013347e-08,4.993101933426297
2.279345969665747e-08,0.1701535473056608,2.279345969665747e-08,5,2.279345969665747e-08,4.994835905302859
2.287798542894771e-08,0.1234824185925828,2.287798542894771e-08,5,2.287798542894771e-08,4.99625949937661
2.297210650474561e-08,0.08598765095446469,2.297210650474561e-08,5,2.297210650474561e-08,4.997399996359961
2.307878939984461e-08,0.05664635112267759,2.307878939984461e-08,5,2.307878939984461e-08,4.998289764934272
2.320235828105515e-08,0.03450069279258635,2.320235828105515e-08,5,2.320235828105515e-08,4.998959622035149
2.334736349917429e-08,0.01881802379305704,2.334736349917429e-08,5,2.334736349917429e-08,4.999433025429828
2.351413343176507e-08,0.008930465840523941,2.351413343176507e-08,5,2.351413343176507e-08,4.999731028098012
2.370978004639164e-08,0.003303581631246668,2.370978004639164e-08,5,2.370978004639164e-08,4.99990046652794
2.394556636346328e-08,0.000577855215506475,2.394556636346328e-08,5,2.394556636346328e-08,4.999982532104251
2.419556636346327e-08,-0.0002510454395495067,2.419556636346327e-08,5,2.419556636346327e-08,5.000007520257109
2.444556636346327e-08,-0.0003249802641856795,2.444556636346327e-08,5,2.444556636346327e-08,5.000009739794351
2.469556636346327e-08,-0.0002150626180257467,2.469556636346327e-08,5,2.469556636346327e-08,5.00000642797335
2.484778318173164e-08,-0.0001392853380463523,2.484778318173164e-08,5,2.484778318173164e-08,5.000004166184199
2.5e-08,-8.270458655085488e-05,2.5e-08,5,2.5e-08,5.000002469560457
