/net3 X,/net3 Y,/net8 X,/net8 Y,/o2 X,/o2 Y
0,5,0,1.413849256083952e-08,0,4.999999981632027
1e-11,5,1e-11,1.413849035058974e-08,1e-11,4.999999981632012
3e-11,5,3e-11,1.413848834907057e-08,3e-11,4.999999981631992
6.999999999999999e-11,5,6.999999999999999e-11,1.413848807787687e-08,6.999999999999999e-11,4.99999998163197
1.5e-10,5,1.5e-10,1.413848932643828e-08,1.5e-10,4.999999981631958
2.5e-10,5,2.5e-10,1.413849136240911e-08,2.5e-10,4.99999998163196
3.5e-10,5,3.5e-10,1.413849157313927e-08,3.5e-10,4.999999981631961
4.5e-10,5,4.5e-10,1.413849123087762e-08,4.5e-10,4.999999981631962
5.5e-10,5,5.5e-10,1.41384913483017e-08,5.5e-10,4.999999981631962
6.499999999999999e-10,5,6.499999999999999e-10,1.413849154843237e-08,6.499999999999999e-10,4.999999981631962
7.499999999999999e-10,5,7.499999999999999e-10,1.413849179224923e-08,7.499999999999999e-10,4.999999981631962
8.499999999999999e-10,5,8.499999999999999e-10,1.413849196014677e-08,8.499999999999999e-10,4.999999981631962
9.25e-10,5,9.25e-10,1.413849230187469e-08,9.25e-10,4.999999981631962
1e-09,5,1e-09,1.413849239289149e-08,1e-09,4.999999981631962
1.000763089981351e-09,4.961845500932459,1.000763089981351e-09,-0.001762088417941735,1.000763089981351e-09,4.999631275936663
1.001351258185345e-09,4.932437090732737,1.001351258185345e-09,-0.00311182611566389,1.001351258185345e-09,4.999352317040413
1.002527594593334e-09,4.873620270333292,1.002527594593334e-09,-0.005778251225037288,1.002527594593334e-09,4.998814656138816
1.004037173414178e-09,4.798141329291101,1.004037173414178e-09,-0.009133233483178248,1.004037173414178e-09,4.998165070477982
1.007056331055866e-09,4.64718344720672,1.007056331055866e-09,-0.01562545787822506,1.007056331055866e-09,4.996993949895386
1.012001913675951e-09,4.399904316202464,1.012001913675951e-09,-0.02568265372063717,1.012001913675951e-09,4.995400730287166
1.014121374553544e-09,4.293931272322804,1.014121374553544e-09,-0.02978508188199541,1.014121374553544e-09,4.994831741098206
1.016278713955263e-09,4.186064302236868,1.016278713955263e-09,-0.03384314086477148,1.016278713955263e-09,4.994314335515547
1.018309414053902e-09,4.084529297304914,1.018309414053902e-09,-0.03756145735789468,1.018309414053902e-09,4.993878800401612
1.019933058380731e-09,4.003347080963438,1.019933058380731e-09,-0.04046739887942066,1.019933058380731e-09,4.993563672312391
1.021806689594741e-09,3.909665520262942,1.021806689594741e-09,-0.04375112611330435,1.021806689594741e-09,4.993233448385321
1.024618283339472e-09,3.769085833026394,1.024618283339472e-09,-0.04854888198847818,1.024618283339472e-09,4.992798310972484
1.028054450075138e-09,3.597277496243127,1.028054450075138e-09,-0.05421934654874595,1.028054450075138e-09,4.992353407861413
1.031832183061839e-09,3.408390846908035,1.031832183061839e-09,-0.0602357352465045,1.031832183061839e-09,4.991958960855849
1.035865377018514e-09,3.206731149074288,1.035865377018514e-09,-0.06644384274335761,1.035865377018514e-09,4.991628671518208
1.04015730528276e-09,2.99213473586199,1.04015730528276e-09,-0.07285175874406462,1.04015730528276e-09,4.991359517463175
1.044779032054985e-09,2.761048397250771,1.044779032054985e-09,-0.07958112493613007,1.044779032054985e-09,4.991141537267272
1.049854528773641e-09,2.507273561317963,1.049854528773641e-09,-0.08684587042079225,1.049854528773641e-09,4.990961084619979
1.055608633540142e-09,2.219568322992878,1.055608633540142e-09,-0.09504465612082386,1.055608633540142e-09,4.990796541790774
1.062330269436589e-09,1.883486528170541,1.062330269436589e-09,-0.1048140970417775,1.062330269436589e-09,4.990602956885463
1.064114077544299e-09,1.794296122785073,1.064114077544299e-09,-0.1075943733877132,1.064114077544299e-09,4.990519885171329
1.06568399169973e-09,1.715800415013525,1.06568399169973e-09,-0.1105583830229449,1.06568399169973e-09,4.990342782026087
1.067340264688225e-09,1.63298676558877,1.067340264688225e-09,-0.1148962988414381,1.067340264688225e-09,4.989912902522274
1.068537574863822e-09,1.57312125680888,1.068537574863822e-09,-0.1187223214443139,1.068537574863822e-09,4.989469898452247
1.069770432453587e-09,1.511478377320651,1.069770432453587e-09,-0.1229105077357114,1.069770432453587e-09,4.988977288527951
1.070937085010168e-09,1.453145749491578,1.070937085010168e-09,-0.1269174584600606,1.070937085010168e-09,4.988518264706599
1.07228302900689e-09,1.3858485496555,1.07228302900689e-09,-0.1314720998364822,1.07228302900689e-09,4.988022682855545
1.074042684880194e-09,1.2978657559903,1.074042684880194e-09,-0.1371853150467157,1.074042684880194e-09,4.987454879566132
1.076209042364915e-09,1.189547881754244,1.076209042364915e-09,-0.143656399722242,1.076209042364915e-09,4.986912715936906
1.07861666618642e-09,1.069166690678979,1.07861666618642e-09,-0.1498566120079918,1.07861666618642e-09,4.986555123629953
1.081099346662018e-09,0.9450326668990812,1.081099346662018e-09,-0.1548452513657075,1.081099346662018e-09,4.986502515985913
1.083607620578562e-09,0.81961897107188,1.083607620578562e-09,-0.1581331589923377,1.083607620578562e-09,4.986814765538213
1.086212916511859e-09,0.6893541744070291,1.086212916511859e-09,-0.1588986968708263,1.086212916511859e-09,4.987659533991748
1.088179968232288e-09,0.5910015883855895,1.088179968232288e-09,-0.1565934185506123,1.088179968232288e-09,4.988852710982997
1.089606036694787e-09,0.5196981652606567,1.089606036694787e-09,-0.1534478731723063,1.089606036694787e-09,4.989985074185214
1.092244625537235e-09,0.3877687231382758,1.092244625537235e-09,-0.1449562621413723,1.092244625537235e-09,4.992505795622004
1.094258088026198e-09,0.2870955986900805,1.094258088026198e-09,-0.136164202267874,1.094258088026198e-09,4.994775674362712
1.097129044013099e-09,0.1435477993450442,1.097129044013099e-09,-0.1199632379108582,1.097129044013099e-09,4.99853015205878
1.1e-09,0,1.1e-09,-0.09919723864443143,1.1e-09,5.003041191833005
1.100575926118744e-09,0,1.100575926118744e-09,-0.09426406051131371,1.100575926118744e-09,5.004075847881659
1.10120597711307e-09,0,1.10120597711307e-09,-0.08866874286667739,1.10120597711307e-09,5.00523684154705
1.102002129428247e-09,0,1.102002129428247e-09,-0.0812172002533658,1.102002129428247e-09,5.006758014176063
1.103205166980527e-09,0,1.103205166980527e-09,-0.06910554147262947,1.103205166980527e-09,5.0091731946853
1.105350975728432e-09,0,1.105350975728432e-09,-0.04497196222182001,1.105350975728432e-09,5.013806572336197
1.108243267957928e-09,0,1.108243267957928e-09,-0.007544306052452173,1.108243267957928e-09,5.0206195815728
1.111204971801085e-09,0,1.111204971801085e-09,0.03616343375682122,1.111204971801085e-09,5.028128872373766
1.113835807053517e-09,0,1.113835807053517e-09,0.07917832909945122,1.113835807053517e-09,5.035139236774657
1.116458628921314e-09,0,1.116458628921314e-09,0.1256340906621597,1.116458628921314e-09,5.042349582699234
1.119107734517709e-09,0,1.119107734517709e-09,0.1758446117119993,1.119107734517709e-09,5.049772996961926
1.121882356204852e-09,0,1.121882356204852e-09,0.2316378836400673,1.121882356204852e-09,5.057621933616856
1.124994965073835e-09,0,1.124994965073835e-09,0.2977162440639619,1.124994965073835e-09,5.066432494317588
1.128480008939909e-09,0,1.128480008939909e-09,0.3755647329151885,1.128480008939909e-09,5.076212212018
1.132363954123156e-09,0,1.132363954123156e-09,0.4664907649146078,1.132363954123156e-09,5.086907531235829
1.136681157956571e-09,0,1.136681157956571e-09,0.571920750762304,1.136681157956571e-09,5.098445405774757
1.141465896662727e-09,0,1.141465896662727e-09,0.6931442004176507,1.141465896662727e-09,5.110715095908643
1.146720571795344e-09,0,1.146720571795344e-09,0.8298039014253734,1.146720571795344e-09,5.123618941876273
1.151773308813404e-09,0,1.151773308813404e-09,0.9600481700410741,1.151773308813404e-09,5.136049724236329
1.155579838063531e-09,0,1.155579838063531e-09,1.056925094942072,1.155579838063531e-09,5.144455576573186
1.162312571361479e-09,0,1.162312571361479e-09,1.228393773741151,1.162312571361479e-09,5.153378720654179
1.168343997191773e-09,0,1.168343997191773e-09,1.381719729884648,1.168343997191773e-09,5.153882411079821
1.173062035475556e-09,0,1.173062035475556e-09,1.5009139584479,1.173062035475556e-09,5.149149775951331
1.18203574668492e-09,0,1.18203574668492e-09,1.723877030433912,1.18203574668492e-09,5.127752096232086
1.19194364127586e-09,0,1.19194364127586e-09,1.961106481047469,1.19194364127586e-09,5.085782062725285
1.201828540197458e-09,0,1.201828540197458e-09,2.18424270089834,1.201828540197458e-09,5.025400497280733
1.211862488824792e-09,0,1.211862488824792e-09,2.394540767332753,1.211862488824792e-09,4.948409535946698
1.219878552365927e-09,0,1.219878552365927e-09,2.550222520706284,1.219878552365927e-09,4.87523014249772
1.225837354363309e-09,0,1.225837354363309e-09,2.658986098855456,1.225837354363309e-09,4.813422049720886
1.233246555723271e-09,0,1.233246555723271e-09,2.78651798463702,1.233246555723271e-09,4.727231828059256
1.239170912627727e-09,0,1.239170912627727e-09,2.882898873412297,1.239170912627727e-09,4.649900196411404
1.245204077012067e-09,0,1.245204077012067e-09,2.976664042329285,1.245204077012067e-09,4.561605472829164
1.25045492947368e-09,0,1.25045492947368e-09,3.055483957516078,1.25045492947368e-09,4.474289283338967
1.259065287784804e-09,0,1.259065287784804e-09,3.180052126048527,1.259065287784804e-09,4.302637237658924
1.267977996420937e-09,0,1.267977996420937e-09,3.2998465414311,1.267977996420937e-09,4.089321589386958
1.27558967012488e-09,0,1.27558967012488e-09,3.393881084294562,1.27558967012488e-09,3.880912028301899
1.288377493187939e-09,0,1.288377493187939e-09,3.536288418356687,1.288377493187939e-09,3.479906132318298
1.297624414343816e-09,0,1.297624414343816e-09,3.628231246654877,1.297624414343816e-09,3.15297309172581
1.312423854665071e-09,0,1.312423854665071e-09,3.75894627408608,1.312423854665071e-09,2.575305820936719
1.323259242421624e-09,0,1.323259242421624e-09,3.84340276574671,1.323259242421624e-09,2.118451068919916
1.330995906417075e-09,0,1.330995906417075e-09,3.898685148827273,1.330995906417075e-09,1.7836266100618
1.337308851307354e-09,0,1.337308851307354e-09,3.94082716228506,1.337308851307354e-09,1.519215006496249
1.343598476516854e-09,0,1.343598476516854e-09,3.979692725910192,1.343598476516854e-09,1.279555849872433
1.349235388589049e-09,0,1.349235388589049e-09,4.012670039612441,1.349235388589049e-09,1.089274917245743
1.357025958564639e-09,0,1.357025958564639e-09,4.057279480328055,1.357025958564639e-09,0.8642456633743557
1.362449881850634e-09,0,1.362449881850634e-09,4.088282933799892,1.362449881850634e-09,0.7319513209355343
1.3679504944183e-09,0,1.3679504944183e-09,4.119835158191904,1.3679504944183e-09,0.6165958795503306
1.372671094956028e-09,0,1.372671094956028e-09,4.146976248498425,1.372671094956028e-09,0.5313887962763042
1.382112296031482e-09,0,1.382112296031482e-09,4.201027173429293,1.382112296031482e-09,0.3933050040873017
1.386475641609868e-09,0,1.386475641609868e-09,4.225837750791414,1.386475641609868e-09,0.3424287339628965
1.39520233276664e-09,0,1.39520233276664e-09,4.274812184701171,1.39520233276664e-09,0.259827206475892
1.400137601056619e-09,0,1.400137601056619e-09,4.302101667642856,1.400137601056619e-09,0.2227979781201639
1.410005008406534e-09,0,1.410005008406534e-09,4.355466301063736,1.410005008406534e-09,0.1643647089907404
1.416432394453808e-09,0,1.416432394453808e-09,4.389105983791323,1.416432394453808e-09,0.1355276154615114
1.428088027014185e-09,0,1.428088027014185e-09,4.44693748683884,1.428088027014185e-09,0.09648697725809789
1.436349764537665e-09,0,1.436349764537665e-09,4.485105460699424,1.436349764537665e-09,0.0769255711679596
1.450525929262858e-09,0,1.450525929262858e-09,4.54501898658832,1.450525929262858e-09,0.05354416480312465
1.460501462456041e-09,0,1.460501462456041e-09,4.583105861754972,1.460501462456041e-09,0.04268498047577161
1.478035793143071e-09,0,1.478035793143071e-09,4.642681385922554,1.478035793143071e-09,0.03001491022081314
1.49121990465065e-09,0,1.49121990465065e-09,4.681836370803321,1.49121990465065e-09,0.02405158627365432
1.503642844297606e-09,0,1.503642844297606e-09,4.71477045791399,1.503642844297606e-09,0.02013218428649488
1.518232704080241e-09,0,1.518232704080241e-09,4.749110221466403,1.518232704080241e-09,0.01676362279764877
1.534498603088985e-09,0,1.534498603088985e-09,4.782538251209725,1.534498603088985e-09,0.01396647714158936
1.55228085461171e-09,0,1.55228085461171e-09,4.814001828492514,1.55228085461171e-09,0.01163087242172116
1.572058407954644e-09,0,1.572058407954644e-09,4.843678591857003,1.572058407954644e-09,0.009603003360265684
1.594054341526899e-09,0,1.594054341526899e-09,4.87116811326364,1.594054341526899e-09,0.007822348903575627
1.618428873821845e-09,0,1.618428873821845e-09,4.896044283329036,1.618428873821845e-09,0.006262349651584065
1.645516848056095e-09,0,1.645516848056095e-09,4.918134285643592,1.645516848056095e-09,0.004903283563528826
1.675788103634949e-09,0,1.675788103634949e-09,4.937369329016322,1.675788103634949e-09,0.003733741336491758
1.709867400672279e-09,0,1.709867400672279e-09,4.953745608248985,1.709867400672279e-09,0.002746258842944976
1.748632707715019e-09,0,1.748632707715019e-09,4.967328600166567,1.748632707715019e-09,0.001932766966202908
1.793330928501922e-09,0,1.793330928501922e-09,4.978236649484663,1.793330928501922e-09,0.001283410729217914
1.845764925259233e-09,0,1.845764925259233e-09,4.986632447648139,1.845764925259233e-09,0.0007862568416865413
1.908642280424857e-09,0,1.908642280424857e-09,4.992726115768771,1.908642280424857e-09,0.0004269995438218366
1.986241973062384e-09,0,1.986241973062384e-09,4.996782633024661,1.986241973062384e-09,0.0001886229462801964
2.085795665473062e-09,0,2.085795665473062e-09,4.999130861372319,2.085795665473062e-09,5.092411931152877e-05
2.185795665473062e-09,0,2.185795665473062e-09,4.999948117865431,2.185795665473062e-09,3.046600463356295e-06
2.285795665473062e-09,0,2.285795665473062e-09,5.000140284693445,2.285795665473062e-09,-8.21262876590176e-06
2.385795665473062e-09,0,2.385795665473062e-09,5.000127304658264,2.385795665473062e-09,-7.613160488680623e-06
2.485795665473062e-09,0,2.485795665473062e-09,5.000076182527006,2.485795665473062e-09,-4.648933427856786e-06
2.585795665473062e-09,0,2.585795665473062e-09,5.000036582808949,2.585795665473062e-09,-2.257476721144259e-06
2.685795665473062e-09,0,2.685795665473062e-09,5.000014667307316,2.685795665473062e-09,-8.887298756097189e-07
2.785795665473062e-09,0,2.785795665473062e-09,5.000004633940961,2.785795665473062e-09,-2.630556226079109e-07
2.885795665473062e-09,0,2.885795665473062e-09,5.0000008048849,2.885795665473062e-09,-3.050387939935836e-08
2.985795665473062e-09,0,2.985795665473062e-09,4.999999691215336,2.985795665473062e-09,3.458924947504829e-08
3.085795665473062e-09,0,3.085795665473062e-09,4.999999552943419,3.085795665473062e-09,4.183069438320997e-08
3.185795665473062e-09,0,3.185795665473062e-09,4.999999669052451,3.185795665473062e-09,3.443870212255886e-08
3.285795665473063e-09,0,3.285795665473063e-09,4.999999798492286,3.285795665473063e-09,2.643498356014766e-08
3.385795665473063e-09,0,3.385795665473063e-09,4.999999886707164,3.385795665473063e-09,2.151962187262343e-08
3.485795665473063e-09,0,3.485795665473063e-09,4.999999934345976,3.485795665473063e-09,1.888917480482617e-08
3.585795665473063e-09,0,3.585795665473063e-09,4.999999956028935,3.585795665473063e-09,1.765176004140543e-08
3.685795665473063e-09,0,3.685795665473063e-09,4.999999964295163,3.685795665473063e-09,1.716183081996902e-08
3.785795665473063e-09,0,3.785795665473063e-09,4.999999966703361,3.785795665473063e-09,1.701495827913344e-08
3.885795665473063e-09,0,3.885795665473063e-09,4.999999966993217,3.885795665473063e-09,1.699637130894488e-08
3.985795665473063e-09,0,3.985795665473063e-09,4.999999966728847,3.985795665473063e-09,1.701186015962107e-08
4.085795665473063e-09,0,4.085795665473063e-09,4.999999966443329,4.085795665473063e-09,1.702876547468936e-08
4.185795665473063e-09,0,4.185795665473063e-09,4.999999966257285,4.185795665473063e-09,1.703974425584048e-08
4.285795665473063e-09,0,4.285795665473063e-09,4.99999996616006,4.285795665473063e-09,1.704545943968382e-08
4.385795665473063e-09,0,4.385795665473063e-09,4.999999966117063,4.385795665473063e-09,1.704798198338027e-08
4.485795665473063e-09,0,4.485795665473063e-09,4.999999966101214,4.485795665473063e-09,1.704891109997923e-08
4.585795665473063e-09,0,4.585795665473063e-09,4.999999966096892,4.585795665473063e-09,1.704916454762803e-08
4.685795665473063e-09,0,4.685795665473063e-09,4.999999966096586,4.685795665473063e-09,1.704918285718746e-08
4.785795665473064e-09,0,4.785795665473064e-09,4.999999966097243,4.785795665473064e-09,1.704914439303052e-08
4.885795665473064e-09,0,4.885795665473064e-09,4.999999966097865,4.885795665473064e-09,1.704910782408519e-08
4.985795665473064e-09,0,4.985795665473064e-09,4.999999966098253,4.985795665473064e-09,1.704908481524885e-08
5.085795665473064e-09,0,5.085795665473064e-09,4.99999996609845,5.085795665473064e-09,1.7049073129088e-08
5.185795665473064e-09,0,5.185795665473064e-09,4.999999966098535,5.185795665473064e-09,1.704906879282189e-08
5.285795665473064e-09,0,5.285795665473064e-09,4.999999966098565,5.285795665473064e-09,1.704906697594465e-08
5.385795665473064e-09,0,5.385795665473064e-09,4.999999966098573,5.385795665473064e-09,1.704906636220285e-08
5.485795665473064e-09,0,5.485795665473064e-09,4.999999966098573,5.485795665473064e-09,1.704906642756332e-08
5.585795665473064e-09,0,5.585795665473064e-09,4.999999966098571,5.585795665473064e-09,1.704906671806725e-08
5.685795665473064e-09,0,5.685795665473064e-09,4.99999996609857,5.685795665473064e-09,1.704906702313649e-08
5.785795665473064e-09,0,5.785795665473064e-09,4.999999966098569,5.785795665473064e-09,1.704906632043202e-08
5.885795665473064e-09,0,5.885795665473064e-09,4.999999966098568,5.885795665473064e-09,1.704906607023315e-08
5.985795665473064e-09,0,5.985795665473064e-09,4.999999966098569,5.985795665473064e-09,1.704906661078113e-08
6.042897832736532e-09,0,6.042897832736532e-09,4.999999966098569,6.042897832736532e-09,1.70490668462874e-08
6.1e-09,0,6.1e-09,4.999999966098569,6.1e-09,1.704906694538593e-08
6.1015625e-09,0.07812500000000587,6.1015625e-09,5.001157296947558,6.1015625e-09,0.0002304996458529091
6.1038791762186e-09,0.1939588109299759,6.1038791762186e-09,5.003348066286551,6.1038791762186e-09,0.0006487032538562824
6.108512528655798e-09,0.4256264327899159,6.108512528655798e-09,5.009477567218587,6.108512528655798e-09,0.001720071889025064
6.117779233530196e-09,0.888961676509796,6.117779233530196e-09,5.026738329255866,6.117779233530196e-09,0.004255952560830611
6.11939774429305e-09,0.969887214652522,6.11939774429305e-09,5.030968991568139,6.11939774429305e-09,0.00485544472874727
6.12263476581876e-09,1.131738290937974,6.12263476581876e-09,5.039606144066933,6.12263476581876e-09,0.005986655538902074
6.129108808870178e-09,1.455440443508878,6.129108808870178e-09,5.05353362431967,6.129108808870178e-09,0.007259308848270366
6.136521188599942e-09,1.826059429997086,6.136521188599942e-09,5.062325974471538,6.136521188599942e-09,0.00709170725254758
6.141703909016289e-09,2.085195450814445,6.141703909016289e-09,5.063571969104577,6.141703909016289e-09,0.006057741790462624
6.147552835699034e-09,2.377641784951722,6.147552835699034e-09,5.059949344808688,6.147552835699034e-09,0.004152559135867777
6.153323866615293e-09,2.666193330764639,6.153323866615293e-09,5.051157851936257,6.153323866615293e-09,0.001664783623961243
6.159244534045626e-09,2.962226702281291,6.159244534045626e-09,5.036866064566727,6.159244534045626e-09,-0.001422326870212448
6.164937380823175e-09,3.246869041158744,6.164937380823175e-09,5.018236642767965,6.164937380823175e-09,-0.004798639679834747
6.16968922747456e-09,3.484461373728009,6.16968922747456e-09,4.999121684787784,6.16968922747456e-09,-0.007788230787719281
6.179192920777331e-09,3.959646038866539,6.179192920777331e-09,4.951596581153535,6.179192920777331e-09,-0.0140220013666878
6.18064311231619e-09,4.032155615809476,6.18064311231619e-09,4.943248381857813,6.18064311231619e-09,-0.01500229260907041
6.183543495393907e-09,4.177174769695349,6.183543495393907e-09,4.925688776606197,6.183543495393907e-09,-0.01697913692455487
6.189344261549342e-09,4.467213077467097,6.189344261549342e-09,4.886655234319397,6.189344261549342e-09,-0.0210780839054625
6.195073952867907e-09,4.753697643395346,6.195073952867907e-09,4.841697887621014,6.195073952867907e-09,-0.02553545472251878
6.2e-09,5,6.2e-09,4.797654466548494,6.2e-09,-0.02970152010420484
6.200986134683162e-09,5,6.200986134683162e-09,4.787001669968389,6.200986134683162e-09,-0.03081672200240321
6.201910230443393e-09,5,6.201910230443393e-09,4.777039438661002,6.201910230443393e-09,-0.03183189543786667
6.20301379270556e-09,5,6.20301379270556e-09,4.765182675894946,6.20301379270556e-09,-0.03299294539842899
6.205220917229892e-09,5,6.205220917229892e-09,4.741603388116878,6.205220917229892e-09,-0.03514539883938757
6.209635166278556e-09,5,6.209635166278556e-09,4.694893961375533,6.209635166278556e-09,-0.03885713821072431
6.218463664375886e-09,5,6.218463664375886e-09,4.602651252453333,6.218463664375886e-09,-0.04450184047774493
6.227122995087892e-09,5,6.227122995087892e-09,4.512934812694732,6.227122995087892e-09,-0.048425308638383
6.235865534182784e-09,5,6.235865534182784e-09,4.422687444736206,6.235865534182784e-09,-0.05147216171223427
6.244068469045765e-09,5,6.244068469045765e-09,4.33913366854885,6.244068469045765e-09,-0.05434973612433652
6.254558287440126e-09,5,6.254558287440126e-09,4.235385095164653,6.254558287440126e-09,-0.058528555134192
6.263487827769154e-09,5,6.263487827769154e-09,4.147683490105737,6.263487827769154e-09,-0.06048107514313045
6.272501559487879e-09,5,6.272501559487879e-09,4.058303206704338,6.272501559487879e-09,-0.05937195506996604
6.280449227416473e-09,5,6.280449227416473e-09,3.978670193521609,6.280449227416473e-09,-0.05541780741856902
6.289230823575932e-09,5,6.289230823575932e-09,3.889866180846776,6.289230823575932e-09,-0.04770323394775231
6.298329453371952e-09,5,6.298329453371952e-09,3.797048680691838,6.298329453371952e-09,-0.03606658776957949
6.307938153748014e-09,5,6.307938153748014e-09,3.698222854483554,6.307938153748014e-09,-0.01988566454232251
6.317736065645062e-09,5,6.317736065645062e-09,3.596671993097835,6.317736065645062e-09,0.0005570831788238482
6.327935406399113e-09,5,6.327935406399113e-09,3.490263124841043,6.327935406399113e-09,0.02501928965500451
6.336575626147385e-09,5,6.336575626147385e-09,3.399589200916836,6.336575626147385e-09,0.04911519177668129
6.348119303886089e-09,5,6.348119303886089e-09,3.277751707856007,6.348119303886089e-09,0.08619787757948184
6.358389536467309e-09,5,6.358389536467309e-09,3.168742299187213,6.358389536467309e-09,0.1240440988009717
6.369333351052489e-09,5,6.369333351052489e-09,3.052013134543427,6.369333351052489e-09,0.1697210478881867
6.381909365541708e-09,5,6.381909365541708e-09,2.917246701820556,6.381909365541708e-09,0.2297470010007933
6.396561975719446e-09,5,6.396561975719446e-09,2.759565931976766,6.396561975719446e-09,0.311636282000044
6.418492298038566e-09,5,6.418492298038566e-09,2.523016248718351,6.418492298038566e-09,0.4671639561593891
6.427964291211001e-09,5,6.427964291211001e-09,2.420676718326684,6.427964291211001e-09,0.550918829384305
6.435919164801208e-09,5,6.435919164801208e-09,2.334614475379074,6.435919164801208e-09,0.6329160581104407
6.441601897747967e-09,5,6.441601897747967e-09,2.273037763936398,6.441601897747967e-09,0.7002985958435498
6.446930368993633e-09,5,6.446930368993633e-09,2.215378614074369,6.446930368993633e-09,0.7717695050656721
6.452055817243545e-09,5,6.452055817243545e-09,2.160320877394194,6.452055817243545e-09,0.8489956392469898
6.45772662428018e-09,5,6.45772662428018e-09,2.100240972275896,6.45772662428018e-09,0.9448216057110972
6.46462469070931e-09,5,6.46462469070931e-09,2.028634939341529,6.46462469070931e-09,1.076538182947514
6.473150332592529e-09,5,6.473150332592529e-09,1.942507338566336,6.473150332592529e-09,1.261973663383565
6.482941625515784e-09,5,6.482941625515784e-09,1.846749253734254,6.482941625515784e-09,1.504096543035114
6.493233263069574e-09,5,6.493233263069574e-09,1.74947957213552,6.493233263069574e-09,1.789039141118274
6.502375288023153e-09,5,6.502375288023153e-09,1.665757592315049,6.502375288023153e-09,2.064989976385755
6.511862866935343e-09,5,6.511862866935343e-09,1.581370135750821,6.511862866935343e-09,2.369823719792356
6.519981460067385e-09,5,6.519981460067385e-09,1.511086664862256,6.519981460067385e-09,2.64175282529952
6.527059002821181e-09,5,6.527059002821181e-09,1.451181422141705,6.527059002821181e-09,2.883632121890964
6.532713753072536e-09,5,6.532713753072536e-09,1.404185567861334,6.532713753072536e-09,3.077282556097571
6.542128163814237e-09,5,6.542128163814237e-09,1.327895685798283,6.542128163814237e-09,3.388258550506767
6.550417788248793e-09,5,6.550417788248793e-09,1.264662066381437,6.550417788248793e-09,3.635431372082681
6.557682810074993e-09,5,6.557682810074993e-09,1.212507050537565,6.557682810074993e-09,3.826143570413906
6.567215090628433e-09,5,6.567215090628433e-09,1.146262495844763,6.567215090628433e-09,4.041702543880878
6.577189437465106e-09,5,6.577189437465106e-09,1.077802248963076,6.577189437465106e-09,4.229594352503947
6.585330244102687e-09,5,6.585330244102687e-09,1.022081366907643,6.585330244102687e-09,4.357598534372101
6.592863190277908e-09,5,6.592863190277908e-09,0.9706066001928769,6.592863190277908e-09,4.458049767289619
6.599850600548708e-09,5,6.599850600548708e-09,0.922924227614876,6.599850600548708e-09,4.537553391507929
6.606975172210036e-09,5,6.606975172210036e-09,0.8743416029339197,6.606975172210036e-09,4.606781099657361
6.614788271547413e-09,5,6.614788271547413e-09,0.8213593101559445,6.614788271547413e-09,4.670797870015997
6.623590299048246e-09,5,6.623590299048246e-09,0.7629215957721087,6.623590299048246e-09,4.730112310667979
6.63283450253092e-09,5,6.63283450253092e-09,0.7039420030205359,6.63283450253092e-09,4.780142163395682
6.642521688226422e-09,5,6.642521688226422e-09,0.6453901303442925,6.642521688226422e-09,4.821649812379494
6.652929046812406e-09,5,6.652929046812406e-09,0.5865537147389751,6.652929046812406e-09,4.856475262994439
6.662194311029922e-09,5,6.662194311029922e-09,0.5378436389909979,6.662194311029922e-09,4.880775546349711
6.679217015345937e-09,5,6.679217015345937e-09,0.4573207639804075,6.679217015345937e-09,4.913955999536326
6.691427833580242e-09,5,6.691427833580242e-09,0.4064671387437116,6.691427833580242e-09,4.930825139129109
6.702533847627899e-09,5,6.702533847627899e-09,0.3649402279094237,6.702533847627899e-09,4.942552248676118
6.715115451804512e-09,5,6.715115451804512e-09,0.3229223296904833,6.715115451804512e-09,4.952888814321553
6.728497791473583e-09,5,6.728497791473583e-09,0.2835677671170256,6.728497791473583e-09,4.961393682239897
6.742575609013441e-09,5,6.742575609013441e-09,0.2474855603567071,6.742575609013441e-09,4.968332103636198
6.757799420897251e-09,5,6.757799420897251e-09,0.2138621309305601,6.757799420897251e-09,4.974162727183757
6.774344726875752e-09,5,6.774344726875752e-09,0.1828133839836933,6.774344726875752e-09,4.979078301941556
6.792339082751312e-09,5,6.792339082751312e-09,0.1545532643801976,6.792339082751312e-09,4.983212831325081
6.812033469865852e-09,5,6.812033469865852e-09,0.1290890351105392,6.812033469865852e-09,4.986694879604761
6.833739426082209e-09,5,6.833739426082209e-09,0.1064033585003252,6.833739426082209e-09,4.989622195751227
6.857836698140491e-09,5,6.857836698140491e-09,0.08646177871201657,6.857836698140491e-09,4.992067540831763
6.884830276581912e-09,5,6.884830276581912e-09,0.06918347357316774,6.884830276581912e-09,4.994088539997843
6.915399385962428e-09,5,6.915399385962428e-09,0.05445034146200504,6.915399385962428e-09,4.995731838595543
6.950469443835055e-09,5,6.950469443835055e-09,0.04211371978246063,6.950469443835055e-09,4.997037133686717
6.991335573330812e-09,5,6.991335573330812e-09,0.03199441823238576,6.991335573330812e-09,4.998041197948534
7.039863809748865e-09,5,7.039863809748865e-09,0.02388295423446405,7.039863809748865e-09,4.998780918967598
7.098831877726108e-09,5,7.098831877726108e-09,0.01754004134970586,7.098831877726108e-09,4.999295346464118
7.172532980759133e-09,5,7.172532980759133e-09,0.0126987274372501,7.172532980759133e-09,4.999626637504775
7.267882383317379e-09,5,7.267882383317379e-09,0.009072396710188285,7.267882383317379e-09,4.999819517887573
7.367882383317379e-09,5,7.367882383317379e-09,0.006896719943868364,7.367882383317379e-09,4.999898977509996
7.467882383317378e-09,5,7.467882383317378e-09,0.005546087680083574,7.467882383317378e-09,4.999930661221133
7.567882383317378e-09,5,7.567882383317378e-09,0.004617393303918135,7.567882383317378e-09,4.999946365381726
7.667882383317377e-09,5,7.667882383317377e-09,0.003928757956100861,7.667882383317377e-09,4.999956897530128
7.767882383317376e-09,5,7.767882383317376e-09,0.003395453665666703,7.767882383317376e-09,4.999965190955982
7.867882383317375e-09,5,7.867882383317375e-09,0.002972468566524559,7.867882383317375e-09,4.99997187034173
7.967882383317375e-09,5,7.967882383317375e-09,0.002631597011409407,7.967882383317375e-09,4.999977141737345
8.067882383317374e-09,5,8.067882383317374e-09,0.002353092061984838,8.067882383317374e-09,4.999981230840571
8.167882383317373e-09,5,8.167882383317373e-09,0.002122507294862408,8.167882383317373e-09,4.999984391658579
8.267882383317372e-09,5,8.267882383317372e-09,0.001929163340936633,8.267882383317372e-09,4.999986854297166
8.367882383317372e-09,5,8.367882383317372e-09,0.001765139887689955,8.367882383317372e-09,4.999988799718481
8.467882383317371e-09,5,8.467882383317371e-09,0.001624523322960799,8.467882383317371e-09,4.999990360079166
8.56788238331737e-09,5,8.56788238331737e-09,0.001502846703106392,8.56788238331737e-09,4.99999162931283
8.667882383317369e-09,5,8.667882383317369e-09,0.001396686548549542,8.667882383317369e-09,4.999992674391365
8.767882383317369e-09,5,8.767882383317369e-09,0.001303379427871599,8.767882383317369e-09,4.999993543954892
8.867882383317368e-09,5,8.867882383317368e-09,0.00122082400660801,8.867882383317368e-09,4.999994274133702
8.967882383317367e-09,5,8.967882383317367e-09,0.001147341641525146,8.967882383317367e-09,4.999994892314101
9.067882383317366e-09,5,9.067882383317366e-09,0.001081576568277586,9.067882383317366e-09,4.999995419592965
9.167882383317365e-09,5,9.167882383317365e-09,0.001022423074110178,9.167882383317365e-09,4.999995872430651
9.267882383317365e-09,5,9.267882383317365e-09,0.0009689714153623017,9.267882383317365e-09,4.999996263806216
9.367882383317364e-09,5,9.367882383317364e-09,0.0009204670455297054,9.367882383317364e-09,4.999996604049401
9.467882383317363e-09,5,9.467882383317363e-09,0.0008762794862273237,9.467882383317363e-09,4.999996901452231
9.567882383317362e-09,5,9.567882383317362e-09,0.0008358782996526545,9.567882383317362e-09,4.999997162724807
9.667882383317362e-09,5,9.667882383317362e-09,0.0007988143606839565,9.667882383317362e-09,4.999997393338437
9.767882383317361e-09,5,9.767882383317361e-09,0.0007647051281290163,9.767882383317361e-09,4.999997597786252
9.86788238331736e-09,5,9.86788238331736e-09,0.0007332229637180705,9.86788238331736e-09,4.999997779782816
9.93394119165868e-09,5,9.93394119165868e-09,0.0007137481595130477,9.93394119165868e-09,4.999997889171409
1e-08,5,1e-08,0.0006952251682759582,1e-08,4.999997990306206
